"seconds","M_10005","M_10006","average","SE"
-2,0.245324623551337,-2.97171561713671,-1.36319549679269,1.60852012034402
-1.99,0.307577878923956,-2.98785126162233,-1.34013669134919,1.64771457027314
-1.98,0.36511383568151,-3.00945760975147,-1.32217188703498,1.68728572271649
-1.97,0.41739911112936,-3.03664409501929,-1.30962249194497,1.72702160307433
-1.96,0.463939545481254,-3.06949671557044,-1.30277858504459,1.76671813052585
-1.95,0.504287544668329,-3.10807596791931,-1.30189421162549,1.80618175629382
-1.94,0.538048940019064,-3.15241478953123,-1.30718292475608,1.84523186477515
-1.93,0.564889258360923,-3.20251652040334,-1.31881363102121,1.88370288938213
-1.92,0.584539301031805,-3.25835289735332,-1.33690679816076,1.92144609919256
-1.91,0.596799938133915,-3.31986209933551,-1.3615310806008,1.95833101873471
-1.9,0.601546037120833,-3.38694686289721,-1.39270041288819,1.99424645000902
-1.89,0.598729457759075,-3.45947268941577,-1.43037161582835,2.02910107358742
-1.88,0.588381056799233,-3.53726617307833,-1.47444255813955,2.06282361493878
-1.87,0.570611660330912,-3.62011348291476,-1.52475091129193,2.09536257162284
-1.86,0.545611978217464,-3.70775903573737,-1.58107352875995,2.12668550697741
-1.85,0.513651450291628,-3.79990439667209,-1.64312647319023,2.15677792348186
-1.84,0.475076025834819,-3.89620744376998,-1.71056570896758,2.1856417348024
-1.83,0.430304892807879,-3.99628183361784,-1.78298847040498,2.21329336321286
-1.82,0.379826192850404,-4.09969680577513,-1.85993530646236,2.23976149931277
-1.81,0.324191773697629,-4.20597736632574,-1.94089279631406,2.26508457001169
-1.8,0.264011042047769,-4.31460488652609,-2.02529692223916,2.28930796428693
-1.79,0.19994399470077,-4.42501814914147,-2.11253707722035,2.31248107192112
-1.78,0.132693519585371,-4.53661487730138,-2.20196067885801,2.33465419844338
-1.77,0.0629970697875804,-4.64875377852116,-2.29287835436679,2.35587542415437
-1.76,-0.00838217527759807,-4.76075712817655,-2.38456965172708,2.37618747644948
-1.75,-0.0806645424083585,-4.87191390648048,-2.47628922444442,2.39562468203606
-1.74,-0.153063368579863,-4.98148349834397,-2.56727343346192,2.41421006488205
-1.73,-0.224794648689988,-5.08869995971022,-2.6567473042001,2.43195265551011
-1.72,-0.29508669408818,-5.1927768429115,-2.74393176849984,2.44884507441166
-1.71,-0.363189665489151,-5.29291256418854,-2.82805111483885,2.4648614493497
-1.7,-0.428384843332183,-5.38829628957835,-2.90834056645527,2.47995572312309
-1.69,-0.489993503498425,-5.47811430603113,-2.98405390476478,2.49406040126635
-1.68,-0.547385276253873,-5.56155683588159,-3.05447105606773,2.50708577981386
-1.67,-0.59998587286557,-5.63782524199589,-3.11890555743073,2.51891968456516
-1.66,-0.647284072466996,-5.70613955994909,-3.17671181620804,2.52942774374105
-1.65,-0.688837872411147,-5.76574628241536,-3.22729207741326,2.53845420500211
-1.64,-0.724279715659646,-5.81592631240959,-3.27010301403462,2.54582329837497
-1.63,-0.753320723445026,-5.85600299571669,-3.30466185958086,2.55134113613583
-1.62,-0.775753875366871,-5.8853501365039,-3.33055200593538,2.55479813056851
-1.61,-0.79145609277802,-5.90339989941287,-3.34742799609545,2.55597190331743
-1.6,-0.800389197773057,-5.90965049562047,-3.35501984669676,2.55463064892371
-1.59,-0.802599737092987,-5.90367354525974,-3.35313664117636,2.55053690408338
-1.58,-0.798217676407807,-5.885121006576,-3.34166934149191,2.5434516650841
-1.57,-0.787453985782249,-5.85373156260327,-3.32059277419276,2.53313878841051
-1.56,-0.770597154197022,-5.80933636139095,-3.28996675779399,2.51936960359696
-1.55,-0.748008685729756,-5.751864011176,-3.24993634845288,2.50192766272312
-1.54,-0.720117645944966,-5.68134473599099,-3.20073119096798,2.48061354502301
-1.53,-0.687414339816489,-5.59791360485888,-3.14266397233768,2.45524963252119
-1.52,-0.650443213165303,-5.50181275728911,-3.0761279852272,2.4256847720619
-1.51,-0.609795083210842,-5.39339255907802,-3.00159382114443,2.39179873793359
-1.5,-0.566098813427974,-5.27311163633863,-2.9196052248833,2.35350641145533
-1.49,-0.520012553096245,-5.14153574879223,-2.83077415094424,2.31076159784799
-1.48,-0.472214664867614,-4.99933547744359,-2.7357750711556,2.26356040628799
-1.47,-0.423394469445989,-4.8472827162342,-2.63533859284009,2.2119441233941
-1.46,-0.374242939462412,-4.68624597303748,-2.53024445624995,2.15600151678753
-1.45,-0.325443476423615,-4.51718450527146,-2.42131399084754,2.09587051442392
-1.44,-0.277662903273731,-4.34114133220483,-2.30940211773928,2.03173921446555
-1.43,-0.231542797818781,-4.15923517990955,-2.19538898886417,1.96384619104539
-1.42,-0.187691285478489,-3.97265142974646,-2.08017135761247,1.89248007213398
-1.41,-0.146675402973624,-3.7826321570934,-1.96465378003351,1.81797837705989
-1.4,-0.109014135307311,-3.5904653655602,-1.84973975043375,1.74072561512644
-1.39,-0.0751722168494512,-3.39747353826243,-1.73632287755594,1.66115066070649
-1.38,-0.0455547749507246,-3.2050016360923,-1.62527820552151,1.57972343057079
-1.37,-0.0205028831423285,-3.0144046798532,-1.51745378149776,1.49695089835543
-1.36,-0.000290079714183156,-2.82703506158494,-1.41366257064956,1.41337249093538
-1.35,0.0148801111313471,-2.64422973673637,-1.31467481280251,1.32955492393386
-1.34,0.0248756334292321,-2.46729745359099,-1.22121091008088,1.24608654351011
-1.33,0.0296363213333594,-2.29750617835824,-1.13393492851244,1.1635712498458
-1.32,0.0291732968492084,-2.13607087340227,-1.05344878827653,1.08262208512574
-1.31,0.0235673650911352,-1.98414178401779,-0.980287209463327,1.00385457455446
-1.3,0.0129664449753236,-1.84279338195094,-0.914913468487808,0.927879913463132
-1.29,-0.00241791027608536,-1.71301410353256,-0.85771600690432,0.855298096628235
-1.28,-0.022314836521153,-1.59569701118425,-0.809005923852702,0.786691087331549
-1.27,-0.0463992519882509,-1.49163149702975,-0.769015374509001,0.72261612252075
-1.26,-0.074297634924142,-1.40149613551035,-0.737896885217245,0.663599250293103
-1.25,-0.105594389937297,-1.32585277416866,-0.715723582052976,0.610129192115679
-1.24,-0.139838700481549,-1.26514193066386,-0.702490315572703,0.562651615091154
-1.23,-0.176551758643136,-1.21967954598182,-0.69811565231248,0.521563893669344
-1.22,-0.21523426024705,-1.18965512835942,-0.702444694303234,0.487210434056184
-1.21,-0.255374051065882,-1.17513130431093,-0.715252677688406,0.459878626622524
-1.2,-0.296453808872271,-1.17604477368645,-0.73624929127936,0.43979548240709
-1.19,-0.337958645477853,-1.19220864540085,-0.765083645439352,0.427124999961499
-1.18,-0.379383515094927,-1.22331611069981,-0.801349812897369,0.421966297802442
-1.17,-0.420240321565611,-1.26894539287235,-0.844592857218982,0.42435253565337
-1.16,-0.460064624676903,-1.32856589515935,-0.894315259918125,0.434250635241222
-1.15,-0.498421854660627,-1.40154545042151,-0.949983652541067,0.45156179788044
-1.14,-0.534912955385591,-1.48715856013469,-1.01103575776014,0.476122802374548
-1.13,-0.569179385661427,-1.58459549746225,-1.07688744156184,0.507708055900412
-1.12,-0.600907413003471,-1.69297214090457,-1.14693977695402,0.546032363950551
-1.11,-0.629831644948345,-1.8113403981878,-1.22058602156807,0.590754376619727
-1.1,-0.655737758841355,-1.93869907265868,-1.29721841575002,0.641480656908663
-1.09,-0.678464407234824,-2.07400502106748,-1.37623471415115,0.69777030691633
-1.08,-0.697904289930259,-2.21618444943294,-1.4570443696816,0.759140079751338
-1.07,-0.714004394022193,-2.36414419608219,-1.53907429505219,0.825069901029998
-1.06,-0.726765414738581,-2.51678285322241,-1.62177413398049,0.895008719241914
-1.05,-0.736240381024674,-2.67300158042321,-1.70462098072394,0.968380599699269
-1.04,-0.74253252251227,-2.83171447111229,-1.78712349681228,1.04459097430001
-1.03,-0.745792429285562,-2.99185834620534,-1.86882538774545,1.12303295845989
-1.02,-0.746214564905077,-3.15240186446989,-1.94930821468749,1.20309364978241
-1.01,-0.744033199802243,-3.31235385290005,-2.02819352635115,1.2841603265489
-1,-0.739517837668145,-3.47077077318032,-2.10514430542423,1.36562646775609
-0.99,-0.732968212067301,-3.62676325365646,-2.17986573286188,1.44689752079458
-0.98,-0.7247089370016,-3.77950163252284,-2.25210528476222,1.52739634776062
-0.97,-0.7150839028007,-3.92822047493053,-2.32165218886561,1.60656828606491
-0.96,-0.70445051092104,-4.07222204718292,-2.38833627905198,1.68388576813094
-0.95,-0.69317384061051,-4.2108787505016,-2.45202629555606,1.75885245494555
-0.94,-0.681620838076476,-4.34363453231029,-2.51262768519338,1.83100684711691
-0.93,-0.670154617070122,-4.47000530643952,-2.57007996175482,1.8999253446847
-0.92,-0.659128953874555,-4.58957842610083,-2.6243536899877,1.96522473611314
-0.91,-0.64888305430388,-4.70201127029406,-2.67544716229897,2.02656410799509
-0.9,-0.639736665992681,-4.80702901868485,-2.72338284233876,2.08364617634608
-0.89,-0.631985603374237,-4.90442170087814,-2.76820365212619,2.13621804875195
-0.88,-0.625897746057719,-4.9940406154722,-2.80996918076496,2.18407143470724
-0.87,-0.621709558704587,-5.07579422059087,-2.84875188964773,2.22704233094314
-0.86,-0.61962316941417,-5.14964359987231,-2.88463338464324,2.26501021522907
-0.85,-0.619804035697665,-5.21559760866835,-2.91770082218301,2.29789678648534
-0.84,-0.622379217286775,-5.27370780902634,-2.94804351315656,2.32566429586978
-0.83,-0.627436267734064,-5.32406330283945,-2.97574978528676,2.34831351755269
-0.82,-0.635022750231233,-5.36678556812823,-3.00090415917973,2.3658814089485
-0.81,-0.645146368630904,-5.40202339794679,-3.02358488328884,2.37843851465794
-0.8,-0.657775692685278,-5.42994803441041,-3.04386186354784,2.38608617086257
-0.79,-0.67284144974058,-5.45074857971517,-3.06179501472787,2.38895356498729
-0.78,-0.69023834633313,-5.46462775314989,-3.07743304974151,2.38719470340838
-0.77,-0.709827375882464,-5.47179805812879,-3.09081271700563,2.38098534112317
-0.76,-0.73143856443383,-5.47247841267287,-3.10195848855335,2.37051992411952
-0.75,-0.754874098142198,-5.46689128142758,-3.11088268978489,2.35600859164269
-0.74,-0.779911770920846,-5.45526033161692,-3.11758605126888,2.33767428034804
-0.73,-0.806308691756228,-5.43780862321055,-3.12205865748339,2.31574996572716
-0.72,-0.833805190268384,-5.41475733464729,-3.12428126245784,2.29047607218946
-0.71,-0.862128854692256,-5.38632501146625,-3.12422693307925,2.26209807838699
-0.7,-0.890998634095208,-5.3527273113601,-3.12186297272766,2.23086433863245
-0.69,-0.920128938901572,-5.31417720898555,-3.11715307394356,2.19702413504199
-0.68,-0.949233677635424,-5.27088561450299,-3.11005964606921,2.16082596843379
-0.67,-0.978030171431153,-5.22306234997955,-3.10054626070535,2.1225160892742
-0.66,-1.00624289198553,-5.17091742225687,-3.0885801571212,2.08233726513567
-0.65,-1.03360697176745,-5.11466252729148,-3.07413474952947,2.04052777776202
-0.64,-1.05987144011823,-5.05451271494066,-3.05719207752945,1.99732063741122
-0.63,-1.08480214542991,-4.99068814002119,-3.03774514272555,1.95294299729564
-0.62,-1.10818433136464,-4.92341582637614,-3.01580007887039,1.90761574750575
-0.61,-1.12982484384623,-4.85293137130227,-2.99137810757425,1.86155326372802
-0.6,-1.14955394967755,-4.77948052016339,-2.96451723492047,1.81496328524292
-0.59,-1.16722675284574,-4.70332054555821,-2.93527364920198,1.76804689635624
-0.58,-1.18272420243645,-4.62472137163838,-2.90372278703742,1.72099858460097
-0.57,-1.19595369435895,-4.54396639029032,-2.86996004232463,1.67400634796568
-0.56,-1.20684927529544,-4.46135292344361,-2.83410109936952,1.62725182407408
-0.55,-1.21537146300848,-4.37719229520183,-2.79628187910516,1.58091041609668
-0.54,-1.22150670288196,-4.29180948897342,-2.75665809592769,1.53515139304573
-0.53,-1.22526648757521,-4.20554237501107,-2.71540443129314,1.49013794371793
-0.52,-1.22668617033411,-4.11874050578732,-2.67271333806071,1.4460271677266
-0.51,-1.22582350209674,-4.03176348452679,-2.62879349331176,1.40296999121503
-0.5,-1.22275692704248,-3.94497892273043,-2.58386792488645,1.36111099784397
-0.49,-1.2175836759186,-3.85876001508547,-2.53817184550204,1.32058816958343
-0.48,-1.21041769644237,-3.77348276849129,-2.49195023246683,1.28153253602446
-0.47,-1.20138746078814,-3.68952293098081,-2.44545519588448,1.24406773509633
-0.46,-1.19063369135818,-3.60725267001761,-2.39894318068789,1.20830948932972
-0.45,-1.17830704525692,-3.52703705838599,-2.35267205182146,1.17436500656454
-0.44,-1.16456579803886,-3.44923043397866,-2.30689811600876,1.1423323179699
-0.43,-1.14957356256212,-3.37417270211938,-2.26187313234075,1.11229956977863
-0.42,-1.13349707422254,-3.30218565008676,-2.21784136215465,1.08434428793211
-0.41,-1.11650407244225,-3.23356934202759,-2.17503670723492,1.05853263479267
-0.4,-1.09876130482847,-3.16859866158775,-2.13367998320811,1.03491867837964
-0.39,-1.08043267714293,-3.10752006726211,-2.09397637220252,1.01354369505959
-0.38,-1.06167756985027,-3.05054862668536,-2.05611309826781,0.994435528417544
-0.37,-1.04264933743281,-2.99786539364774,-2.02025736554028,0.977608028107466
-0.36,-1.02349400137288,-2.94961518399911,-1.986554592686,0.963060591313115
-0.35,-1.00434914331978,-2.9059047951755,-1.95512696924764,0.95077782592786
-0.34,-0.985342999378277,-2.86680170124402,-1.92607235031115,0.94072935093287
-0.33,-0.966593751445487,-2.83233324727908,-1.89946349936228,0.932869747916796
-0.32,-0.948209010931027,-2.80248636139147,-1.87534768616125,0.927138675230223
-0.31,-0.930285490596133,-2.77720779522581,-1.85374664291097,0.92346115231484
-0.3,-0.912908857747464,-2.75640489313325,-1.83465687544036,0.921748017692892
-0.29,-0.896153757204945,-2.73994688009725,-1.8180503186511,0.921896561446153
-0.28,-0.880083984570256,-2.72766664742647,-1.80387531599836,0.923791331428107
-0.27,-0.864752791105176,-2.71936300138929,-1.79205789624723,0.927305105142057
-0.26,-0.850203305145174,-2.71480333247139,-1.78250331880828,0.932300013663109
-0.25,-0.83646905204151,-2.71372665975644,-1.77509785589898,0.938628803857466
-0.24,-0.823574552426327,-2.71584699868504,-1.76971077555569,0.946136223129359
-0.23,-0.811535979777056,-2.72085699167129,-1.76619648572417,0.954660505947117
-0.22,-0.800361863166115,-2.72843173668185,-1.76439679992398,0.964034936757866
-0.21,-0.790053822515393,-2.73823274582782,-1.7641432841716,0.974089461656211
-0.2,-0.780607322973803,-2.74991196513828,-1.76525964405604,0.984652321082239
-0.19,-0.772012434487306,-2.76311578895585,-1.76756411172158,0.995551677234272
-0.18,-0.764254583881424,-2.77748900128686,-1.77087179258414,1.00661720870272
-0.17,-0.757315289826437,-2.79267857951173,-1.77499693466908,1.01768164484265
-0.16,-0.751172872449947,-2.80833729862739,-1.77975508553867,1.02858221308872
-0.15,-0.745803131667534,-2.82412707867543,-1.78496510517148,1.03916197350395
-0.14,-0.741179991707125,-2.83972202743191,-1.79045100956952,1.04927101786239
-0.13,-0.737276110667034,-2.85481113916113,-1.79604362491408,1.05876751424705
-0.12,-0.734063454712844,-2.86910061508896,-1.8015820349009,1.06751858018806
-0.11,-0.731513840338701,-2.88231577503342,-1.80691480768606,1.07540096734736
-0.0999999999999999,-0.729599449934269,-2.89420254100229,-1.81190099546828,1.08230154553401
-0.0899999999999999,-0.728293325778164,-2.90452848693419,-1.81641090635618,1.08811758057801
-0.0800000000000001,-0.727569845918045,-2.91308345788054,-1.82032665189929,1.09275680598125
-0.0700000000000001,-0.727405182391624,-2.91967977002507,-1.82354247620835,1.09613729381672
-0.0600000000000001,-0.727777743272739,-2.92415201051872,-1.82596487689573,1.09818713362299
-0.05,-0.728668601220338,-2.92635646382164,-1.82751253252099,1.09884393130065
-0.04,-0.730061913692125,-2.92617020085535,-1.82811605727374,1.09805414358161
-0.03,-0.731945340296885,-2.92348987368211,-1.8277176069895,1.09577226669261
-0.02,-0.734310456873962,-2.91823026059987,-1.82627035873692,1.09195990186295
-0.01,-0.737153162437771,-2.91032261517603,-1.8237378888069,1.08658472636913
0,-0.740474076696584,-2.8997128810829,-1.82009347888974,1.07961940219316
0.0100000000000002,-0.744278927350227,-2.88635983140128,-1.81531937937575,1.07104045202553
0.02,-0.748578921932087,-2.87023318837395,-1.80940605515302,1.06082713322093
0.0300000000000002,-0.753391095221605,-2.85131177891509,-1.80235143706835,1.04896034184674
0.04,-0.758738620769372,-2.82958177987088,-1.79416020032012,1.03542157955075
0.0499999999999998,-0.764651073538454,-2.80503510889749,-1.78484309121797,1.02019201767952
0.0600000000000001,-0.771164631029867,-2.777668013406,-1.77441632221793,1.00325169118807
0.0699999999999998,-0.778322200515164,-2.74747990106002,-1.76290105078759,0.984578850272429
0.0800000000000001,-0.786173460363385,-2.71447244700055,-1.75032295368197,0.964149493318582
0.0899999999999999,-0.794774804503489,-2.67864900252821,-1.73671190351585,0.941937099012359
0.1,-0.804189176103052,-2.64001432510399,-1.72210175060352,0.917912574500471
0.11,-0.814485774048833,-2.59857464624022,-1.70653021014453,0.892044436095694
0.12,-0.825739617780905,-2.55433808268783,-1.69003885023437,0.864299232453462
0.13,-0.838030957936302,-2.50731538453921,-1.67267317123776,0.834642213301453
0.14,-0.851444523367694,-2.45752100298256,-1.65448276317513,0.803038239807432
0.15,-0.866068600154867,-2.40497445184821,-1.63552152600154,0.769452925846674
0.16,-0.881993941821819,-2.34970193316078,-1.6158479374913,0.73385399566948
0.17,-0.899312509213346,-2.29173819096561,-1.59552535008948,0.696212840876134
0.18,-0.918116041762813,-2.23112854705066,-1.57462229440674,0.656506252643922
0.19,-0.93849446625271,-2.16793106352359,-1.55321276488815,0.614718298635442
0.2,-0.960534154212263,-2.10221877535061,-1.53137646478144,0.570842310569176
0.21,-0.984316044659071,-2.03408193233803,-1.50919898849855,0.524882943839479
0.22,-1.00991364791362,-1.96363018646273,-1.48677191718817,0.476858269274555
0.23,-1.03739094811393,-1.89099465900527,-1.4641928035596,0.426801855445671
0.24,-1.06680023043887,-1.81632982300133,-1.4415650267201,0.37476479628123
0.25,-1.09817986535265,-1.73981514352354,-1.4189975044381,0.320817639085447
0.26,-1.13155208626058,-1.66165641906945,-1.39660425266501,0.265052166404435
0.27,-1.16692079908843,-1.58208676949267,-1.37450378429055,0.207582985202119
0.28,-1.20426946238006,-1.50136721928592,-1.35281834083299,0.148548878452928
0.29,-1.24355907738137,-1.41978683404439,-1.33167295571288,0.0881138783315097
0.3,-1.28472632598176,-1.3376623796924,-1.31119435283708,0.0264680268553199
0.31,-1.3276818948612,-1.25533748026529,-1.29150968756324,0.0361722072979548
0.32,-1.37230902818093,-1.17318125823625,-1.27274514320859,0.0995638849723377
0.33,-1.41846235196429,-1.09158645085136,-1.25502440140783,0.163437950556463
0.34,-1.46596700945121,-1.01096700772605,-1.23846700858863,0.227500000862577
0.35,-1.5146181411744,-0.93175518604884,-1.22318666361162,0.291431477562781
0.36,-1.56418073894735,-0.854398169060478,-1.20928945400391,0.354891284943437
0.37,-1.61438990090747,-0.779354240307972,-1.19687207060772,0.41751783029975
0.38,-1.66495151205983,-0.707088556308447,-1.18602003418414,0.47893147787569
0.39,-1.71554336984237,-0.638068573189981,-1.17680597151617,0.538737398326193
0.4,-1.76581676470367,-0.572759188380822,-1.16928797654224,0.596528788161423
0.41,-1.81539851526394,-0.511617661344726,-1.16350808830433,0.651890426959608
0.42,-1.86389345214818,-0.455088383398092,-1.15949091777314,0.704402534375046
0.43,-1.91088733952085,-0.40359757448575,-1.1572424570033,0.753644882517552
0.44,-1.95595021947653,-0.357547987451585,-1.15674910346406,0.799201116012473
0.45,-1.99864015535795,-0.317313701337778,-1.15797692834787,0.840663227010087
0.46,-2.03850733993782,-0.283235085307532,-1.16087121262268,0.877636127315144
0.47,-2.07509852938489,-0.255614010805057,-1.16535627009497,0.909742259289917
0.48,-2.10796175461563,-0.23470938563543,-1.17133557012553,0.9366261844901
0.49,-2.13665125150604,-0.220733082134207,-1.17869216682013,0.957959084685919
0.5,-2.16073254875925,-0.213846325906094,-1.18728943733267,0.973443111426576
0.51,-2.17978765078772,-0.214156600986184,-1.19697212588695,0.982815524900768
0.52,-2.19342025153279,-0.22171512160656,-1.20756768656967,0.985852564963115
0.53,-2.20126091173429,-0.236514914664357,-1.21888791319933,0.982372998534969
0.54,-2.20297212554252,-0.258489548116775,-1.23073083682965,0.972241288712874
0.55,-2.19825320146598,-0.287512528996794,-1.24288286523139,0.955370336234593
0.56,-2.1868448847802,-0.323397383163067,-1.25512113397163,0.931723750808564
0.57,-2.16853365212752,-0.365898417552543,-1.26721603484003,0.90131761728749
0.58,-2.14315560951967,-0.414712155805875,-1.27893388266277,0.864221726856899
0.59,-2.11059992756202,-0.46947943022161,-1.29003967889181,0.820560248670205
0.6,-2.07081175603848,-0.529788101480906,-1.30029992875969,0.770511827278785
0.61,-2.02379456516864,-0.595176365580303,-1.30948546537447,0.71430909979417
0.62,-1.9696118656044,-0.665136601178588,-1.3173742333915,0.652237632212908
0.63,-1.90838826758598,-0.73911970457531,-1.32375398608064,0.584634281505333
0.64,-1.84030984962361,-0.816539853365621,-1.32842485149461,0.511884998128992
0.65,-1.76562381849324,-0.89677963128246,-1.33120172488785,0.434422093605389
0.66,-1.68463745143616,-0.979195441380886,-1.33191644640852,0.352721005027637
0.67,-1.59771632057549,-1.06312313565315,-1.33041972811432,0.267296592461173
0.68,-1.50528180969303,-1.14788378705809,-1.32658279837556,0.178699011317471
0.69,-1.40780794199788,-1.23278952813287,-1.32029873506538,0.0875092069325045
0.7,-1.30581755005055,-1.31714938269044,-1.31148346637049,0.00566591631994562
0.71,-1.19987783104422,-1.40027502280606,-1.30007642692514,0.100198595880922
0.72,-1.09059533771723,-1.48148638547134,-1.28604086159429,0.195445523877051
0.73,-0.97861046329829,-1.56011708288624,-1.26936377309227,0.290753309793977
0.74,-0.864591488735306,-1.63551954469427,-1.25005551671479,0.385464027979484
0.75,-0.749228265784706,-1.7070698396506,-1.22814905271765,0.478920786932947
0.76,-0.633225614515824,-1.77417213505015,-1.20369887478299,0.570473260267161
0.77,-0.517296520811807,-1.83626276173534,-1.17677964127357,0.659483120461766
0.78,-0.402155224015859,-1.89281385618542,-1.14748454010064,0.745329316084779
0.79,-0.288510285653055,-1.94333655629676,-1.11592342097491,0.827413135321853
0.8,-0.177057729544707,-1.98738373764515,-1.08222073359493,0.905163004050221
0.81,-0.0684743395787119,-2.02455228585813,-1.04651331271842,0.978038973139709
0.82,0.0365888002737386,-2.05448490945636,-1.00894805459131,1.04553685486505
0.83,0.137512438877929,-2.07687150525617,-0.969679533189121,1.10719197206705
0.84,0.233714883981357,-2.09145009785975,-0.928867606939196,1.16258249092055
0.85,0.324657246168158,-2.09800737596494,-0.886675064898391,1.21133231106655
0.86,0.409848134084984,-2.09637884633092,-0.843265356122968,1.25311349020795
0.87,0.488847744019577,-2.08644863292722,-0.79880044445382,1.2876481884734
0.88,0.561271295281877,-2.06814895829334,-0.753438831505733,1.31471012678761
0.89,0.626791774342649,-2.04145935015489,-0.707333787906119,1.33412556224877
0.9,0.685141958859254,-2.00640561024164,-0.660631825691194,1.34577378455045
0.91,0.73611570402892,-1.96305857762108,-0.61347143679608,1.349587140825
0.92,0.779568488770876,-1.91153272146522,-0.56598211634717,1.34555060511805
0.93,0.815417225968449,-1.85198459711774,-0.518283685574647,1.3337009115431
0.94,0.843639350502654,-1.78461119754826,-0.470485923522805,1.31412527402546
0.95,0.864271212409673,-1.70964822981323,-0.42268850870178,1.28695972111145
0.96,0.877405812719419,-1.62736834236785,-0.374981264824218,1.25238707754364
0.97,0.883189926986285,-1.53807932580731,-0.327444699410512,1.2106346263968
0.98,0.881820669680805,-1.44212230020253,-0.280150815260865,1.16197148494167
0.99,0.873541561345645,-1.33986989670113,-0.233164167677743,1.10670572902339
1,0.858638167314619,-1.2317244391705,-0.186543135927943,1.04518130324256
1.01,0.837433382493697,-1.11811612632483,-0.140341371915566,0.977774754409262
1.02,0.810282440251684,-0.999501211435069,-0.0946093855916928,0.904891825843377
1.03,0.777567727291492,-0.876360170275506,-0.0493962214920071,0.826963948783499
1.04,0.739693488849564,-0.74919584639261,-0.00475117877152298,0.744444667621087
1.05,0.697080506391131,-0.618531561349019,0.0392744725210561,0.657806033870075
1.06,0.650160825934567,-0.484909174468999,0.0826258257327841,0.567535000201782
1.07,0.599372610887115,-0.3488870768289,0.125242767029107,0.474129843858007
1.08,0.545155189973289,-0.211038100044816,0.167058544964236,0.378096645009052
1.09,0.487944368071605,-0.0719473203020735,0.207998523884766,0.279945844186839
1.1,0.428168063439903,0.0677902595532294,0.247979161496566,0.180188901943337
1.11,0.366242328195463,0.207572165351386,0.286907246773424,0.079335081422038
1.12,0.302567799126978,0.346791054389328,0.324679426758153,0.0221116276311752
1.13,0.237526615703466,0.484837473142497,0.361182044422982,0.123655428719516
1.14,0.17147983358047,0.621102774895329,0.3962913042379,0.22481147065743
1.15,0.104765352745791,0.754982195804322,0.429873774275057,0.325108421529266
1.16,0.0376963704785308,0.885878080609353,0.461787225543942,0.424090855065411
1.17,-0.0294396438636034,1.01320324412753,0.491881800131962,0.521321443995565
1.18,-0.0963814650573378,1.1363844491117,0.520001492027179,0.616382957084517
1.19,-0.162894136872017,1.25486597592012,0.545985919524051,0.708880056396068
1.2,-0.22876853182708,1.36811325436385,0.569672361268383,0.798440893095463
1.21,-0.293820478760967,1.47561652367954,0.590898022459288,0.884718501220255
1.22,-0.357889497972839,1.57689448084462,0.609502491435891,0.967391989408731
1.23,-0.420837191113359,1.67149786919192,0.625330339039279,1.04616753015264
1.24,-0.482545339043744,1.75901295844647,0.638233809701365,1.12077914874511
1.25,-0.54291376853064,1.83906486753612,0.648075549502742,1.19098931803338
1.26,-0.601858050831678,1.911320678605,0.654731313886662,1.25658936471834
1.27,-0.659307091191703,1.97549229134696,0.658092600077627,1.31739969126933
1.28,-0.715200667963146,2.03133896524192,0.658069148639385,1.37326981660253
1.29,-0.769486981545222,2.07866949674781,0.654591257601292,1.42407823914651
1.3,-0.822120273847632,2.1173439823874,0.647611854269883,1.46973212811751
1.31,-0.873058575782168,2.14727512401006,0.637108274113947,1.51016684989611
1.32,-0.922261633429574,2.16842904011024,0.623083703340335,1.54534533676991
1.33,-0.969689056451473,2.1808255521144,0.605568247831465,1.57525730428294
1.34,-1.01529872780844,2.18453791916661,0.584619595679083,1.59991832348752
1.35,-1.05904550970385,2.17969200389789,0.560323247097021,1.61936875680087
1.36,-1.10088027424558,2.1664648604463,0.532792293100363,1.63367256734594
1.37,-1.1407492790433,2.14508274718323,0.502166734069964,1.64291601311327
1.38,-1.17859389571821,2.11581857578349,0.468612340032639,1.64720623575085
1.39,-1.21435069081631,2.0789888168587,0.432319063021198,1.64666975383751
1.4,-1.24795185516915,2.03494989414001,0.393499019485428,1.64145087465458
1.41,-1.27932597071354,1.98409410739559,0.352384068341024,1.63171003905457
1.42,-1.30839909424863,1.92684512864023,0.3092230171958,1.61762211144443
1.43,-1.33509612898216,1.86365312699035,0.264278499004094,1.59937462798626
1.44,-1.35934244914471,1.79498958771122,0.217823569283254,1.57716601842796
1.45,-1.38106573849829,1.7213418947115,0.170138078106608,1.55120381660489
1.46,-1.40019799802443,1.64320775154765,0.12150487676161,1.52170287478604
1.47,-1.4166776760636,1.56108952067606,0.0722059223062266,1.48888359836983
1.48,-1.43045186906706,1.47548856653792,0.0225183487354289,1.45297021780249
1.49,-1.44147853817642,1.38689968985196,-0.0272894241622293,1.41418911401419
1.5,-1.44972868785922,1.29580573655978,-0.0769614756497207,1.3727672122095
1.51,-1.45518845080099,1.20267246180886,-0.126257994496067,1.32893045630493
1.52,-1.45786102557152,1.10794372609427,-0.174958649738625,1.28290237583289
1.53,-1.45776841723808,1.01203709558379,-0.222865660827147,1.23490275641093
1.54,-1.45495293566929,0.915339915325124,-0.269806510172085,1.18514642549721
1.55,-1.44947841219834,0.818205919662,-0.315636246268169,1.13384216593017
1.56,-1.44143109819226,0.720952436004502,-0.360239331093881,1.08119176709838
1.57,-1.43092021286705,0.623858223916566,-0.403530994475242,1.02738921839181
1.58,-1.4180781143592,0.527161978573346,-0.445458067892928,0.972620046466273
1.59,-1.40306007525382,0.431061515837989,-0.485999279707917,0.917060795545906
1.6,-1.38604365402874,0.335713646462113,-0.525165003783314,0.860878650245426
1.61,-1.36722766355396,0.241234738928976,-0.56299646231249,0.804231201241465
1.62,-1.34683074134106,0.147701955010626,-0.599564393165218,0.747266348175844
1.63,-1.32508953281274,0.0551551294117776,-0.634967201700479,0.690122331112256
1.64,-1.3022565089073,-0.0364007438063188,-0.66932862635681,0.632927882550492
1.65,-1.27859744688055,-0.126992466858524,-0.702794956869539,0.575802490011014
1.66,-1.2543886079742,-0.216675093847752,-0.735531850910975,0.518856757063223
1.67,-1.22991365091665,-0.305527952525625,-0.767720801721137,0.462192849195512
1.68,-1.20546032725129,-0.393650307788196,-0.799555317519743,0.405905009731547
1.69,-1.18131701003275,-0.481156749802105,-0.831236879917428,0.350080130115323
1.7,-1.1577691087661,-0.568172394295712,-0.862970751530904,0.294798357235192
1.71,-1.13509542636766,-0.654827985597019,-0.894961705982341,0.240133720385322
1.72,-1.11356451794262,-0.741254993911495,-0.927409755927057,0.186154762015561
1.73,-1.09343111230482,-0.827580799131286,-0.960505955718055,0.132925156586769
1.74,-1.07493265480743,-0.91392405002853,-0.994428352417981,0.0805043023894508
1.75,-1.0582860259281,-1.00039027801479,-1.02933815197144,0.0289478739566559
1.76,-1.04368448977155,-1.08706784343026,-1.0653761666009,0.021691676829351
1.77,-1.03129492552364,-1.17402429370253,-1.10265960961308,0.0713646840894421
1.78,-1.02125539127836,-1.26130320261162,-1.14127929694499,0.120023905666632
1.79,-1.01367306222376,-1.34892154557014,-1.18129730389695,0.167624241673187
1.8,-1.00862257844975,-1.43686765357674,-1.22274511601324,0.214122537563495
1.81,-1.00614483072301,-1.52509977537822,-1.26562230305061,0.259477472327605
1.82,-1.00624620658236,-1.61354526783069,-1.30989573720652,0.303649530624165
1.83,-1.00889831400674,-1.70210042269893,-1.35549936835283,0.346601054346096
1.84,-1.01403818989104,-1.79063092655969,-1.40233455822536,0.388296368334324
1.85,-1.02156899220111,-1.87897293888757,-1.45027096554434,0.428701973343232
1.86,-1.03136116800098,-1.96693476104325,-1.49914796452212,0.467786796521131
1.87,-1.0432540828151,-2.05429905922262,-1.54877657101886,0.505522488203761
1.88,-1.05705809009638,-2.14082559587974,-1.59894184298806,0.541883752891679
1.89,-1.07255700935395,-2.22625441435488,-1.64940571185441,0.576848702500462
1.9,-1.08951097673457,-2.31030940862019,-1.69991019267738,0.610399215942813
1.91,-1.10765962798455,-2.39270220124587,-1.75018091461521,0.64252128663066
1.92,-1.12672556725291,-2.47313624639884,-1.79993090682588,0.673205339572964
1.93,-1.14641806992128,-2.5513110731569,-1.84886457153909,0.702446501617808
1.94,-1.16643696175442,-2.62692658667734,-1.89668177421588,0.730244812461459
1.95,-1.18647661694057,-2.69968734572518,-1.94308198133288,0.756605364392301
1.96,-1.2062300172212,-2.76930673507162,-1.98776837614641,0.781538358925206
1.97,-1.22539281364524,-2.83551095074724,-2.03045188219624,0.805059068551002
1.98,-1.24366733346228,-2.89804272140096,-2.07085502743162,0.827187693969339
1.99,-1.26076647304281,-2.95666469825621,-2.10871558564951,0.847949112606701
2,-1.27641741956732,-3.01116245271862,-2.14378993614297,0.86737251657565
