"","seconds","X1","X2","X3","X4","X5","X6","X7","X8","X9","average","SE"
"1",-2,-4.46900981377701,-5.55794274029193,-4.21688714311165,-3.96088323131868,-4.8944658752464,-2.34043433893616,-6.02898736930093,-6.57300410508511,-5.90916127259172,-4.88341954329551,0.434743205753133
"2",-1.99,-4.48579975252844,-5.62582527544882,-4.22750135576121,-4.02506745962642,-4.88130640827866,-2.27967201558429,-6.04658915779909,-6.5912064025605,-5.98529435692621,-4.90536246494596,0.443080513410628
"3",-1.98,-4.50576392027605,-5.69777718181424,-4.23923532218401,-4.08828112246756,-4.87024440946077,-2.2300269794677,-6.06270442682735,-6.6067411590187,-6.05481048761895,-4.92839833434837,0.45043474958048
"4",-1.97,-4.52917080988824,-5.77309777360822,-4.25190388155826,-4.15028432193088,-4.86144964305943,-2.19202256764629,-6.07724174816885,-6.61918455599009,-6.11759914251664,-4.95243938270743,0.456676344706949
"5",-1.96,-4.55624705548535,-5.85105551694382,-4.26532864451042,-4.21086256788136,-4.85506952363907,-2.16607792414207,-6.09011107359985,-6.62814780477448,-6.17364810202486,-4.97739424588903,0.461697792938976
"6",-1.95,-4.5871733895849,-5.93089668384198,-4.2793399137848,-4.26982779891049,-4.85122756991644,-2.15250732563419,-6.10122441452534,-6.63328464665327,-6.2230427322006,-5.00316938611689,0.465413521083608
"7",-1.94,-4.62208120274635,-6.0118542008689,-4.29377825116899,-4.32701912292261,-4.85002223605164,-2.15152061987822,-6.11049659364946,-6.63429814222499,-6.26596374197339,-5.02967045683162,0.467759529021744
"8",-1.93,-4.66104975896285,-6.09315657811641,-4.30849568915049,-4.38230326977944,-4.85152612942901,-2.16322471577845,-6.11784605935173,-6.63094665699439,-6.30268345104485,-5.05680358984529,0.468692858586238
"9",-1.92,-4.70410411554251,-6.17403680983551,-4.32335659086266,-4.43557474743744,-4.85578561509666,-2.18762605651439,-6.12319575038258,-6.62304896303147,-6.33356062826007,-5.08447658632925,0.468190931754233
"10",-1.91,-4.75121378202734,-6.25374114323336,-4.3382381721175,-4.48675569746634,-4.86282080134352,-2.22463400161051,-6.12647400312311,-6.6104883868276,-6.35903397836067,-5.11259999623444,0.466250788959194
"11",-1.9,-4.80229213543197,-6.33153760748783,-4.35303070736779,-4.53579545090323,-4.87262589184721,-2.2740650319558,-6.12761550059639,-6.59321594378375,-6.37961437661027,-5.14108807177603,0.462888253481393
"12",-1.89,-4.85719660408922,-6.40672419229027,-4.36763744754384,-4.58266978875649,-4.88516988207916,-2.33564768301833,-6.12656225786882,-6.5712524217531,-6.39587597156491,-5.16985958321824,0.458137046008421
"13",-1.88,-4.91572962349181,-6.47863657393182,-4.38197428564512,-4.62737991360537,-4.90039757220965,-2.40902810677672,-6.12326462820513,-6.54468939879092,-6.40844629743342,-5.19883848889888,0.452047873510533
"14",-1.87,-4.97764035209538,-6.54665529683874,-4.39596920838371,-4.66995113931993,-4.91823086598375,-2.49377615672338,-6.11768231620314,-6.51368919102562,-6.41799555432871,-5.2279544534336,0.44468751787931
"15",-1.86,-5.04262712381181,-6.61021232766434,-4.40956156793839,-4.71043131134594,-4.93857032743379,-2.58939189645526,-6.10978539124181,-6.47848374229599,-6.42522522795226,-5.2571432129044,0.436137950695453
"16",-1.85,-5.11034059980451,-6.66879690867374,-4.42270121238654,-4.74888897334585,-4.96129696544987,-2.69531243393248,-6.0995552896139,-6.43937247979192,-6.43085623345517,-5.28634678849489,0.426495501020085
"17",-1.84,-5.18038757144755,-6.72196063837147,-4.43534751911079,-4.78541130083809,-4.98627420508122,-2.81091897539019,-6.08698579035552,-6.39671917095413,-6.43561676941132,-5.31551354899559,0.415870102631738
"18",-1.83,-5.25233536434405,-6.76932172032173,-4.44746837604309,-4.82010182696325,-5.01334999365141,-2.93554399516083,-6.07208394978015,-6.35094783297701,-6.44023007398063,-5.34459812591357,0.404384644755903
"19",-1.82,-5.32571678390852,-6.81056833938644,-4.45903915078669,-4.85307799025435,-5.04235898957733,-3.06847842941659,-6.05487097587493,-6.30253775890139,-6.44540227887882,-5.3735611885539,0.392174443831647
"20",-1.81,-5.40003553106424,-6.84546112743765,-4.47004168231561,-4.88446853629032,-5.07312479186626,-3.2089788098629,-6.03538302682435,-6.2520177335536,-6.45181055209363,-5.40236908792317,0.379386841304979
"21",-1.8,-5.47477200754522,-6.87383469350753,-4.48046332483371,-4.9144108023646,-5.10546217300749,-3.35627426158048,-6.01367191854109,-6.19995952046229,-6.46009171243168,-5.43099337936379,0.366180911929202
"22",-1.79,-5.54938942813227,-6.89559821173869,-4.49029607431146,-4.94304791439455,-5.13917927562062,-3.50957329380482,-5.9898057243517,-6.14697071634132,-6.47083149536741,-5.45941023711809,0.352727235336357
"23",-1.78,-5.62334015705693,-6.91073507553089,-4.499535806294,-4.97052593151492,-5.17407973154685,-3.66807031463164,-5.96386924968637,-6.09368707863405,-6.48455464365369,-5.48759977650548,0.339207635074447
"24",-1.77,-5.69607218163796,-6.9193016314711,-4.50818164725831,-4.99699098335596,-5.20996466354881,-3.83095181497427,-5.93596436695829,-6.04076443450428,-6.50171598195635,-5.51554530062948,0.325814717744892
"25",-1.76,-5.76703563331335,-6.92142501284379,-4.51623549497724,-5.0225864471946,-5.24663453655614,-3.99740217604731,-5.90621019813273,-5.98887028536887,-6.52269261504815,-5.54323248883135,0.31275095057139
"26",-1.75,-5.83568926621301,-6.91730010915576,-4.52370169765234,-5.04745020687701,-5.28389083447294,-4.166609067897,-5.8747431319529,-5.93867522006112,-6.54777737115484,-5.57064854504855,0.300226903853427
"27",-1.74,-5.90150680393504,-6.90718572139349,-4.53058689644922,-5.07171202741507,-5.32153754164518,-4.33776841639448,-5.84171666057941,-5.89084424820026,-6.57717359388717,-5.59778132332215,0.288458176079447
"28",-1.73,-5.96398306800394,-6.89139996563009,-4.53690002931836,-5.09549107948022,-5.35938240841085,-4.51008892013861,-5.80730102190753,-5.84602816346518,-6.61099136176221,-5.62461844645744,0.277660459721117
"29",-1.72,-6.02263981049098,-6.87031499404567,-4.54265248636004,-5.11889365501217,-5.39723798691066,-4.68279611046289,-5.77168263839047,-5.80485504354713,-6.64924519204613,-5.65114643525179,0.268042271021235
"30",-1.71,-6.07703117685883,-6.84435110735558,-4.54785839687321,-5.14201111439269,-5.43492242588657,-4.85513595894559,-5.73506334481054,-5.76792199826388,-6.69185326087103,-5.67734986491755,0.259795156299356
"31",-1.7,-6.1267487244657,-6.81397034230393,-4.5525350283669,-5.16491810462042,-5.47226002218001,-5.02637804254788,-5.69765940042229,-5.73578727150868,-6.73863815169835,-5.70321056534602,0.253081771483384
"32",-1.69,-6.17142592995459,-6.77966962434996,-4.55670327677878,-5.18767107765571,-5.50908153688646,-5.19581827988843,-5.65970028364059,-5.70896279346965,-6.78932912702916,-5.72870688107259,0.248023068882266
"33",-1.68,-6.21074213274932,-6.74197358060561,-4.56038821803111,-5.21030713092043,-5.5452242868159,-5.36278126251566,-5.62142727086825,-5.68790727456077,-6.84356588712453,-5.75381300491018,0.244686672583155
"34",-1.67,-6.24442587007781,-6.70142711141956,-4.56361968396836,-5.23284319631301,-5.58053202792321,-5.52662221316655,-5.58309180295762,-5.67301992738436,-6.90090375231286,-5.77849839839148,0.243078954620991
"35",-1.66,-6.27225756661287,-6.65858781668249,-4.56643282763062,-5.25527559695627,-5.61485464969554,-5.68672860545896,-5.54495364347855,-5.66463489473001,-6.96082018521334,-5.80272730960652,0.243142933954302
"36",-1.65,-6.29407155085704,-6.61401838194861,-4.56886864595113,-5.277579990035,-5.64804770516111,-5.84252148298045,-5.50727883778176,-5.66301644785991,-7.02272255445482,-5.82645839966998,0.244762852147923
"37",-1.64,-6.30975737801935,-6.5682790353147,-4.57097443252407,-5.29971170753888,-5.67997181203475,-5.99345651481867,-5.47033748720072,-5.66835500966176,-7.08595702310915,-5.84964448891356,0.247774587698485
"38",-1.63,-6.31926045138624,-6.5219201748226,-4.57280412968347,-5.32160649181063,-5.71049196211717,-6.13902482712045,-5.43440135627176,-5.68076404006406,-7.14981842175994,-5.87223242833737,0.251979699663699
"39",-1.62,-6.32258194840278,-6.4754752603533,-4.57441854352149,-5.34318162096973,-5.73947677364998,-6.27875365788454,-5.39974133396185,-5.70027781112338,-7.2135609521639,-5.89416310022566,0.257160392531851
"40",-1.61,-6.31977806689468,-6.42945406108754,-4.57588538985476,-5.36433741962724,-5.76679772104492,-6.41220688163487,-5.36662476895637,-5.72685009631804,-7.27640955699093,-5.91537155137881,0.263093102428122
"41",-1.6,-6.31095860970302,-6.38433634343932,-4.577279143958,-5.38495914305608,-5.79232837761609,-6.53898544179673,-5.335312704019,-5.76035378953102,-7.33757178143882,-5.93578725939534,0.26955932851922
"42",-1.59,-6.29628493829726,-6.3405660807858,-4.57868067134824,-5.40491921073292,-5.81594371085455,-6.65872771569193,-5.30605703966039,-5.80058145857756,-7.396249946465,-5.95533453026818,0.276353290970753
"43",-1.58,-6.27596733541265,-6.29854625884438,-4.58017661800259,-5.42407976010816,-5.83751946433102,-6.77110983639295,-5.27909765607408,-5.84724682186565,-7.45165345488971,-5.97393302288013,0.283286682244167
"44",-1.57,-6.25026181910049,-6.25863433761705,-4.58185854989885,-5.44229548861022,-5.8569316610768,-6.87584600144943,-5.25465953127762,-5.89998712396892,-7.50301105010205,-5.99149839590016,0.290191116910633
"45",-1.56,-6.21946646075055,-6.22113842468673,-4.5838218420008,-5.45941674566695,-5.87405626538259,-6.97268879232072,-5.23294989485056,-5.95836638405906,-7.54958284002207,-6.00794307219334,0.296918952644312
"46",-1.55,-6.18391726670447,-6.18631420645887,-4.58616431808561,-5.47529282655795,-5.88876903241655,-7.06142952193944,-5.21415545239583,-6.02187948150279,-7.5906719003055,-6.02317711181856,0.303343070094456
"47",-1.54,-6.14398368974821,-6.15436267509776,-4.58898464905537,-5.48977541287934,-5.90094557001226,-7.1418986224037,-5.19843972032209,-6.08995703246773,-7.62563528180309,-6.0371091837544,0.309356056718558
"48",-1.53,-6.10006383933961,-6.12542867206818,-4.59238052841005,-5.50272210553224,-5.91046163236359,-7.21396607767792,-5.1859405120813,-6.16197100313094,-7.65389426234183,-6.04964762588285,0.31486909687043
"49",-1.52,-6.0525794570952,-6.09960025618755,-4.59644664844584,-5.5139999945105,-5.91719366015079,-7.27754189791067,-5.17676761554754,-6.23724099201439,-7.67494369448553,-6.06070157959422,0.319810753677623
"50",-1.51,-6.00197072296514,-6.07690890116861,-4.60127250406097,-5.52348920666106,-5.92101957665666,-7.33257662100195,-5.17100069917034,-6.31504111158336,-7.68836031091605,-6.07018218379824,0.324125742852577
"51",-1.5,-5.94869096297051,-6.05733051165405,-4.6069400596061,-5.53108637438922,-5.92181984375227,-7.37906182575273,-5.16868748934402,-6.3946073939946,-7.69380986489338,-6.07800381403965,0.327773741319043
"52",-1.49,-5.89320133191186,-6.04078723393145,-4.61352132228947,-5.5367079663682,-5.91947877575095,-7.417030639976,-5.16984226019535,-6.47514563963797,-7.69105300557322,-6.08408535284828,0.330728238738338
"53",-1.48,-5.8359655428357,-6.02715002561842,-4.62107587567662,-5.54029341492088,-5.91388610287703,-7.44655821971497,-5.1744446684958,-6.55583963158629,-7.6799498067201,-6.08835147649398,0.332975420394678
"54",-1.47,-5.77744471592293,-6.01624193823324,-4.62964842843739,-5.54180797689013,-5.90493876849194,-7.46776216925798,-5.18243896010414,-6.6358596348442,-7.66046288422267,-6.09073394182273,0.334513060766176
"55",-1.46,-5.71809241155734,-6.00784205969807,-4.63926643521202,-5.54124527144847,-5.89254293822893,-7.48080286764206,-5.19373356900659,-6.71437108664289,-7.63265906330046,-6.09117285585965,0.335349405096908
"56",-1.45,-5.6583499011014,-6.00169005361517,-4.64993784866892,-5.53862944055442,-5.87661618756202,-7.48588366410077,-5.20820113105809,-6.79054337732549,-7.59670957841161,-6.08961790915532,0.335502018367452
"57",-1.44,-5.59864172542771,-5.99749122441827,-4.66164906200681,-5.53401688131276,-5.85708982948063,-7.48325090393342,-5.22567893843916,-6.86355862896997,-7.55288880386314,-6.08602955531687,0.33499658599473
"58",-1.43,-5.53937159135777,-5.99492202902274,-4.67436309258216,-5.52749750415469,-5.8339113444968,-7.47319375071602,-5.24596985451887,-6.93262038620589,-7.50157153451103,-6.08038012084066,0.333865659277783
"59",-1.42,-5.48091865464641,-5.99363595438174,-4.68801805461696,-5.51919547589157,-5.8070468712752,-7.45604376497986,-5.2688436953111,-6.99696213352503,-7.44322885521684,-6.07265482887163,0.332147347733917
"60",-1.41,-5.42363422787266,-5.99326967511628,-4.70252597703945,-5.50926941603435,-5.77648370746956,-7.43217419884508,-5.29403907153387,-7.05585555193955,-7.37842266326599,-6.06285272101297,0.329883970606687
"61",-1.4,-5.36783893585708,-5.9934493941797,-4.71777202087238,-5.49791202400152,-5.74223276451946,-7.40199897292332,-5.32126568281533,-7.10861842960335,-7.30779893731247,-6.05098746245385,0.327120691700684
"62",-1.39,-5.31382033976477,-5.99379727233487,-4.73361414052736,-5.48534912377366,-5.70433092177221,-7.36597130504657,-5.35020705395151,-7.15462214632805,-7.23207985878551,-6.03708801803161,0.323904172678849
"63",-1.38,-5.26183105182035,-5.99393785498259,-4.74988321879368,-5.47183811964273,-5.66284322816088,-7.32458196410287,-5.38052369873549,-7.19329865119709,-7.15205489821572,-6.0211991872946,0.320281290213971
"64",-1.37,-5.21208735469384,-5.99350440220909,-4.76638370305937,-5.45766586485048,-5.61786489956533,-7.27835712362478,-5.41185668755137,-7.22414685569722,-7.06857098804718,-6.00338198658874,0.316297971294569
"65",-1.36,-5.16476832635761,-5.99214503132149,-4.78289476773194,-5.44314595502947,-5.56952305852488,-7.22785579456598,-5.44383158277183,-7.24673837730099,-6.98252191761984,-5.98371386791378,0.311998209082053
"66",-1.35,-5.1200154576088,-5.98952857936032,-4.79917201718987,-5.42861546418994,-5.5179781630399,-7.173666826761,-5.47606269854648,-7.2607225759659,-6.89483710719386,-5.96228876553956,0.307423327660753
"67",-1.34,-5.07793274653993,-5.98535010219748,-4.81494972693164,-5.41443115326425,-5.46342507101489,-7.11640547596009,-5.50815763692082,-7.26583083171143,-6.80646992850273,-5.93921696367147,0.302611564762275
"68",-1.33,-5.03858725711695,-5.97933593577733,-4.82994360908778,-5.40096519451997,-5.40609369638936,-7.05670953948387,-5.53972205021143,-7.2618800155475,-6.71838573906928,-5.9146247819115,0.29759803599796
"69",-1.32,-5.00201012408553,-5.97124824835563,-4.84385408312466,-5.38860046147977,-5.34624922086987,-6.99523507195043,-5.57036457449137,-7.24877510909321,-6.6315497925585,-5.88865407622322,0.292415133506529
"70",-1.31,-4.96819797716731,-5.9608890173576,-4.85637001903082,-5.37772544225477,-5.28419183109814,-6.93265170062467,-5.59970187721942,-7.22651093947069,-6.54691518654065,-5.86146155452934,0.287093397413559
"71",-1.3,-4.9371147545145,-5.94810336551601,-4.86717290959302,-5.36872883775705,-5.22025595093052,-6.86963756873831,-5.62736375498528,-7.19517300394028,-6.46541101489967,-5.83321790676385,0.281662879151546
"72",-1.29,-4.90869387087677,-5.9327822101502,-4.87594142065426,-5.36199391688824,-5.15480894414435,-6.80687394561779,-5.65299821164088,-7.15493736290157,-6.38793088904353,-5.80410675243529,0.276154990793448
"73",-1.28,-4.88284070030583,-5.91486419729048,-4.88235626083006,-5.35789271294095,-5.08824927848666,-6.74503954688774,-5.67627644370199,-7.10606959312748,-6.31532198046852,-5.77432341267108,0.270604804730103
"74",-1.27,-4.85943532935917,-5.89433689696171,-4.88610530602186,-5.35678014373944,-5.02100414797467,-6.68480461219951,-5.69689765490348,-7.04892281062461,-6.24837472489557,-5.74407351407556,0.265053733274306
"75",-1.26,-4.83833553299151,-5.87123723904815,-4.88688889929586,-5.35898814190655,-4.95352656053311,-6.6268248015308,-5.71459362589209,-6.98393478136311,-6.187813322066,-5.71357143384746,0.25955247497959
"76",-1.25,-4.81937993112457,-5.84565118393619,-4.88442523451672,-5.36481988351305,-4.8862919036364,-6.57173498043245,-5.72913297192229,-6.91162414231526,-6.13428715921592,-5.68303859895698,0.254164058748716
"77",-1.24,-4.80239128725541,-5.8177126389956,-4.87845573369387,-5.37454420291317,-4.81979400911083,-6.52014296542155,-5.74032502768342,-6.83258575740089,-6.08836326822429,-5.65270165452211,0.2489667432757
"78",-1.23,-4.78717990404126,-5.78760164134529,-4.86875033314366,-5.38839028532225,-4.754540756883,-6.47262330271585,-5.74802329064543,-6.74748523842694,-6.05051990284521,-5.62279051726321,0.244056436204791
"79",-1.22,-4.77354707203577,-5.75554183858655,-4.85511258727021,-5.40654272495184,-4.69104926119278,-6.42971115808837,-5.75212835224339,-6.6570526776747,-6.02114130775848,-5.59353633108912,0.239548189333481
"80",-1.21,-4.76128853041215,-5.72179730336861,-4.83738449330045,-5.42913703524687,-4.62984068661293,-6.39189640407047,-5.75259026384374,-6.56207565609823,-6.00051373761357,-5.56516934561856,0.235576218044079
"81",-1.2,-4.75019789986966,-5.68666872982786,-4.81545094475482,-5.45625569526011,-4.57143475027694,-6.35961798867894,-5.74941029044517,-6.46339159768784,-5.98882276903673,-5.53791674064867,0.232291822473932
"82",-1.19,-4.74007004467369,-5.65048907264826,-4.78924372137503,-5.48792480886616,-4.5163439741865,-6.333258666103,-5.7426420061208,-6.36187953627251,-5.98615192969741,-5.51200041777148,0.229858623949273
"83",-1.18,-4.73070432111583,-5.61361869763153,-4.75874492797932,-5.52411144344802,-4.46506776227006,-6.31314016887122,-5.73239169311971,-6.25845136924854,-5.99248264892961,-5.48763478140154,0.228444760366197
"84",-1.17,-4.72190767785287,-5.57644011630337,-4.72398980154175,-5.56472170125699,-4.4180863801035,-6.29951889677312,-5.71881802013884,-6.15404268686332,-6.00769551543916,-5.46502453291921,0.228212175154829
"85",-1.16,-4.7134975808515,-5.53935237638385,-4.68506881627075,-5.60959957008301,-4.37585491653965,-6.29258220155308,-5.70213098836762,-6.04960327525499,-6.0315728102529,-5.44436250395082,0.22930386348465
"86",-1.15,-4.70530473987663,-5.50276519125688,-4.64212903067068,-5.65852659764009,-4.33879731178922,-6.2924453369093,-5.6825901403576,-5.94608739206279,-6.06380226702008,-5.42582755639814,0.231830725318459
"87",-1.14,-4.69717561080824,-5.46709289725298,-4.59537462840278,-5.71122242494678,-4.30730054183046,-6.29914913412285,-5.66050203321973,-5.8444439101816,-6.10398199255898,-5.40958257481382,0.235860191326523
"88",-1.13,-4.68897465290546,-5.43274832926552,-4.54506661510652,-5.76734619186148,-4.28170904696401,-6.31265845974514,-5.63621698712653,-5.74560643774637,-6.15162646135753,-5.39577257578651,0.241408704463684
"89",-1.12,-4.68058632310111,-5.40013670807127,-4.4915216444569,-5.82649881068916,-4.2623194841558,-6.3328615036471,-5.61012513613485,-5.65048353211101,-6.2061734898667,-5.3845229591371,0.248439355880967
"90",-1.11,-4.6719167886066,-5.36964962982487,-4.43510995861306,-5.88822609852422,-4.24937588727221,-6.35956993334633,-5.58265182247105,-5.5599491201346,-6.2669920884151,-5.37593792524534,0.256864749549149
"91",-1.1,-4.66289534888205,-5.3416592443627,-4.37625244563421,-5.95202275010776,-4.24306532011647,-6.39251994198563,-5.55425238188729,-5.47483322662209,-6.3333910748579,-5.37009908160623,0.266554009911499
"92",-1.09,-4.65347556168732,-5.3165127042089,-4.31541683595058,-6.01733711579587,-4.24351410134348,-6.43137421143796,-5.52540637675181,-5.39591311164301,-6.40462832576495,-5.36706426050932,0.277342189515532
"93",-1.08,-4.64363606613276,-5.2945269622786,-4.25311307315245,-6.08357673127587,-4.25078467406179,-6.47572478761537,-5.49661134457312,-5.32390491640474,-6.47992053283542,-5.36686656537001,0.289040307819401
"94",-1.07,-4.63338109592395,-5.27598399480894,-4.18988790699549,-6.15011453334902,-4.2648731704214,-6.52509685161595,-5.46837613946677,-5.25945592103865,-6.55845332915897,-5.36951366030879,0.301444686915311
"95",-1.06,-4.62274067736443,-5.26112651599107,-4.12631876792458,-6.21629568965296,-4.28570771888961,-6.57895336034902,-5.44121395372896,-5.2031375193311,-6.63939164602807,-5.37498731658442,0.314344845941274
"96",-1.05,-4.6117705174844,-5.25015424078026,-4.06300699744538,-6.28144496178204,-4.31314754516909,-6.6367005184529,-5.41563511108637,-5.15543900220297,-6.7218901523968,-5.38324322742225,0.327529736088707
"97",-1.04,-4.6005515953864,-5.24322074638754,-4.0005705215076,-6.34487450907113,-4.34698290929845,-6.69769403906179,-5.39213972759485,-5.11676222831027,-6.80510363454878,-5.39421110124076,0.340792439322821
"98",-1.03,-4.5891894684921,-5.24043097731311,-3.93963606351717,-6.40589202916968,-4.38693590479247,-6.76124613613482,-5.37121034872847,-5.08741725316104,-6.88819718444469,-5.40779504063928,0.353933615675636
"99",-1.02,-4.57781329765572,-5.2418394318908,-3.88083100512138,-6.46380913000464,-4.43266212479907,-6.82663317172531,-5.35330467318452,-5.06761897958303,-6.97035606646296,-5.42387420893638,0.366764017028381
"100",-1.01,-4.56657459291216,-5.2474490471202,-3.82477501103557,-6.51794982315692,-4.4837531899988,-6.89310387037428,-5.33884846690673,-5.05748488260066,-7.0507951300636,-5.4423037793521,0.379106347753134
"101",-1,-4.5556456934013,-5.25721078902486,-3.77207154343604,-6.56765901902959,-4.53974012428279,-6.95988800429238,-5.32822877169008,-5.05703384976821,-7.12876764621432,-5.46291616012662,0.390796688280784
"102",-0.99,-4.5452180022057,-5.27102395298879,-3.72329939160622,-6.61231090217452,-4.60009755634346,-7.02620544490267,-5.32178751398823,-5.06618616448969,-7.20357346435642,-5.4855224881173,0.401685633263937
"103",-0.98,-4.5354999984285,-5.28873716598406,-3.67900434221538,-6.65131706591649,-4.66424870941626,-7.09127547200306,-5.31981561928696,-5.0847646439171,-7.27456639573584,-5.50991437921152,0.411639241801614
"104",-0.97,-4.52671504471354,-5.31015006545506,-3.63969111720291,-6.68413428924582,-4.73157112861709,-7.15432622558308,-5.32254773027209,-5.1124969258126,-7.34116073467915,-5.53586591795348,0.420539855788344
"105",-0.96,-4.51909900215395,-5.3350156236515,-3.60581570834677,-6.71027184208187,-4.80140308131837,-7.21460417836424,-5.33015762098096,-5.14901888857394,-7.40283683991677,-5.56313586504315,0.42828681320486
"106",-0.95,-4.51289766861961,-5.36304308340633,-3.57777823385229,-6.72929821311316,-4.87305055776816,-7.27138349730286,-5.34275438934546,-5.19387917789931,-7.45914571314163,-5.5914700593832,0.434797063798307
"107",-0.94,-4.50836406172461,-5.39390145751224,-3.55591643403335,-6.74084715974766,-4.94579479745908,-7.32397516479371,-5.36037950461258,-5.24654479647882,-7.5097125342978,-5.62060399007332,0.44000568367642
"108",-0.93,-4.50575556977573,-5.42722353367708,-3.54049991423084,-6.74462298633704,-5.01890025478618,-7.37173573615024,-5.38300477535893,-5.30640769635526,-7.55423912953621,-5.65026551068972,0.443866279706707
"109",-0.92,-4.50533099251305,-5.4626103132089,-3.53172523355573,-6.74040496898388,-5.09162290289129,-7.41407561053524,-5.41053128791912,-5.37279229878824,-7.59250536029463,-5.68017766318779,0.446351272082684
"110",-0.91,-4.50734749328223,-5.49963581218618,-3.52971192666543,-6.72805085617537,-5.16321876814315,-7.45046669714084,-5.44278935561596,-5.44496385588068,-7.62436943113075,-5.71006157735784,0.447452042466943
"111",-0.9,-4.51205748865304,-5.53785216026529,-3.53449953357525,-6.70749937962432,-5.23295258532481,-7.48044936219803,-5.47953950098223,-5.52213755663577,-7.64976712536735,-5.73963941029179,0.44717893508836
"112",-0.89,-4.51970550120641,-5.57679492019058,-3.54604569805514,-6.67877172482028,-5.30010645766649,-7.50363854955106,-5.52047447664668,-5.60348827000008,-7.66870999711771,-5.7686372883616,0.445561100163879
"113",-0.88,-4.53052499956919,-5.61598854628312,-3.56422537647297,-6.64197193050981,-5.36398840544709,-7.51972897587442,-5.56522231460819,-5.68816080532785,-7.68128256094085,-5.7967882127815,0.442646170973297
"114",-0.87,-4.54473524866299,-5.65495189870031,-3.5888311849488,-6.5972862031494,-5.42394069347982,-7.52849931550433,-5.61335038061372,-5.77528055693511,-7.68763853712457,-5.82383489101323,0.438499767382433
"115",-0.86,-4.5625381958093,-5.69320373459159,-3.61957489674332,-6.54498115143411,-5.4793478291007,-7.52981530288194,-5.66437040261453,-5.86396439126505,-7.68799622703792,-5.84953245905316,0.433204819191201
"116",-0.85,-4.58411542035894,-5.73026809883098,-3.6560900798906,-6.48540096205018,-5.52964411760003,-7.52363169073366,-5.71774442479005,-5.9533316358891,-7.68263310049746,-5.87365105896011,0.426860701920211
"117",-0.84,-4.60962517386169,-5.765679533233,-3.69793584488213,-6.41896355215282,-5.57432066356757,-7.50999301554401,-5.77289162065446,-6.04251503339646,-7.67187968162023,-5.89597823543471,0.419582175460039
"118",-0.83,-4.63919953715769,-5.79898802857127,-3.74460165576973,-6.34615574404984,-5.61293171126031,-7.48903314338475,-5.82919588182496,-6.13067151488185,-7.65611282442723,-5.91632111570307,0.411498112298151
"119",-0.82,-4.67294171860829,-5.82976365139806,-3.79551314621277,-6.26752751549599,-5.64510022774473,-7.46097358898673,-5.88601408047071,-6.21699264722874,-7.63574848248218,-5.93450833984758,0.402749996750237
"120",-0.81,-4.71092352227856,-5.8576007908506,-3.85003886608417,-6.18368539201581,-5.67052264700382,-7.42612060950526,-5.94268489525598,-6.30071460955358,-7.61123408953681,-5.95039171356496,0.39349016947222
"121",-0.8,-4.75318301007815,-5.88212197176026,-3.90749786548648,-6.09528507276441,-5.68897271077988,-7.38486109446551,-5.99853808519773,-6.38112756053461,-7.58304066814046,-5.96384755991194,0.383879784618692
"122",-0.79,-4.79972238432744,-5.90298118127561,-3.96716801621475,-6.00302340006703,-5.70030434991286,-7.33765729544126,-6.0529040851298,-6.45758426678012,-7.55165478090716,-5.97477775111734,0.374086439985611
"123",-0.78,-4.85050612321203,-5.91986667285483,-4.02829496004686,-5.90762978753841,-5.70445355584319,-7.28504045384379,-6.1051237874535,-6.52950786961628,-7.51757044060983,-5.98311040566875,0.364281437360761
"124",-0.77,-4.90545939395887,-5.93250322177482,-4.09010155645779,-5.80985722193695,-5.70143920425976,-7.22760339921515,-6.15455836718244,-6.59639867571868,-7.48128109319811,-5.98880023707806,0.354636636860759
"125",-0.76,-4.96446676196998,-5.94065381710115,-4.1517976901032,-5.71047295631841,-5.69136280154835,-7.16599220277121,-6.2005990022546,-6.65783986965026,-7.44327178665237,-5.99182854315217,0.345320890030853
"126",-0.75,-5.02737121025614,-5.94412078141183,-4.21259029084035,-5.61024901753215,-5.6744071411272,-7.10089698641378,-6.24267634121552,-6.71350206558383,-7.40401163699742,-5.99220283015314,0.336496077845086
"127",-0.74,-5.09397349370607,-5.94274631350835,-4.27169342199107,-5.50995265851264,-5.65083387744491,-7.03304200609232,-6.28026956892908,-6.76314663068702,-7.36394669387446,-5.98995607386066,0.328312843640709
"128",-0.73,-5.16403185265978,-5.93641246233198,-4.32833829473859,-5.41033689315863,-5.62098004267224,-6.96317514320763,-6.31291492919118,-6.80662772637836,-7.32349330351818,-5.98514562753962,0.320906198093059
"129",-0.72,-5.23726210266127,-5.92504055177012,-4.3817830674877,-5.31213125333425,-5.58525354615912,-6.89205694630721,-6.34021356941985,-6.84389303041784,-7.2830320580274,-5.97785179173164,0.314391272099728
"130",-0.71,-5.31333810921199,-5.90859008390747,-4.43132228979376,-5.21603290124419,-5.54412770694979,-6.82044937189846,-6.36183857389974,-6.87498312227698,-7.24290240382429,-5.9681760625563,0.308859581345078
"131",-0.7,-5.39189264796298,-5.88705715736972,-4.47629585000604,-5.12269821755119,-5.49813487964354,-6.74910437537125,-6.37754106312555,-6.90002953444463,-7.20339797514655,-5.95623907784683,0.304376213088307
"132",-0.69,-5.47251866046047,-5.86047244248669,-4.51609729399782,-5.03273497448823,-5.44785924998119,-6.67875250883438,-6.38715524851904,-6.9192514942054,-7.16476270975001,-5.94217828696925,0.300978318271475
"133",-0.68,-5.55477091508914,-5.82889875905039,-4.55018139446468,-4.94669519964118,-5.39392889352816,-6.6100916961649,-6.39060234308392,-6.93295139579453,-7.12718779496091,-5.9261453768642,0.298675174315431
"134",-0.67,-5.63816806982407,-5.79242831456822,-4.57807086007212,-4.86506882660041,-5.33700720165661,-6.54377635171234,-6.3878932456436,-6.94150905964385,-7.09080948007859,-5.90830348997776,0.297449886550454
"135",-0.66,-5.72219512585033,-5.75117966681539,-4.59936208980628,-4.78827821847417,-5.27778378470861,-6.48040699951462,-6.37912993518921,-6.94537485434524,-7.05570777601545,-5.88882427230214,0.297262560099977
"136",-0.65,-5.80630625712565,-5.70529447621797,-4.61372989672629,-4.71667363511059,-5.2169649688857,-6.42052054625638,-6.3645055260613,-6.94506177487092,-7.02190605113161,-5.86788479248738,0.298054560657965
"137",-0.64,-5.88992800534312,-5.65493411838154,-4.62093114094609,-4.65052969578712,-5.15526401149509,-6.36458135424527,-6.34430295356336,-6.94113659417236,-6.98937151476531,-5.84566437652214,0.29975334827273
"138",-0.63,-5.97246282374285,-5.6002762249118,-4.62080722379259,-4.59004288246275,-5.09339116847809,-6.31297325238445,-6.31889228342738,-6.93421021648548,-6.95801656763656,-5.82234140481355,0.302277341899835
"139",-0.62,-6.05329294390333,-5.54151121686987,-4.6132854100987,-4.53533011630726,-5.03204374946848,-6.26599261205229,-6.28872666264475,-6.92492736711758,-6.92770099212572,-5.79809011895422,0.305540348925698
"140",-0.61,-6.13178454070967,-5.47883889544085,-4.59837896448974,-4.48642841578795,-4.97189629378513,-6.22384260284834,-6.25433694342214,-6.91395576968164,-6.89823494051778,-5.77307748518702,0.309455239536313
"141",-0.6,-6.20729216307421,-5.41246515213613,-4.57618610667551,-4.44329562459764,-4.91359100423082,-6.18662872749455,-6.21632502435933,-6.90197496838454,-6.86938266262711,-5.74746015928665,0.313936714585626
"142",-0.59,-6.27916339373394,-5.34259886092649,-4.5468878058493,-4.40581218345268,-4.85772857266489,-6.15435571750554,-6.1753559777126,-6.88966495509597,-6.84086690776618,-5.72138159718973,0.318903169753315
"143",-0.58,-6.34674369929185,-5.26944901100384,-4.51074445265299,-4.37378390957784,-4.80485952910589,-6.12692585467033,-6.13214906033008,-6.87769476689569,-6.81237393237228,-5.69496935732231,0.324277773666071
"144",-0.57,-6.40938143329214,-5.19322213175829,-4.46809146574039,-4.34694573334127,-4.75547624272019,-6.10413876347759,-6.08746772803335,-6.86671122662131,-6.78355903572926,-5.66833264007931,0.329988945406138
"145",-0.56,-6.46643294748408,-5.11412005524441,-4.41933390475212,-4.32496632730368,-4.71000569009119,-6.0856926994803,-6.04210878177468,-6.85732800378555,-6.75405253805474,-5.64156010533008,0.335970441441205
"146",-0.55,-6.51726776211959,-5.03233804992255,-4.36494017822433,-4.30745354898129,-4.66880309331969,-6.07118733423642,-5.99689078558955,-6.85011516605052,-6.72346611128204,-5.61471800330288,0.342161253042793
"147",-0.54,-6.56127374980465,-4.94806335158836,-4.30543494574024,-4.29396060725825,-4.63214652215124,-6.06012801214878,-5.95264191271819,-6.84558937293804,-6.69139936519035,-5.58784864883757,0.348505484050614
"148",-0.53,-6.59786227802064,-4.86147411137746,-4.24139132613072,-4.28399285204527,-4.60023254453496,-6.05193144036776,-5.91018738589686,-6.84420484762318,-6.6574465890084,-5.56096926388947,0.354952335779339
"149",-0.52,-6.62647325770545,-4.77273877460882,-4.17342253535787,-4.27701507965663,-4.57317299914156,-6.04593276046506,-5.87033668808706,-6.84634526133101,-6.62120355349556,-5.53407121220545,0.361456280012388
"150",-0.51,-6.64658004413991,-4.68201589523768,-4.10217308425898,-4.27245924545926,-4.55099294809595,-6.04139392828387,-5.83387073276043,-6.85231666194461,-6.58227427722789,-5.50711964637873,0.367977455926944
"151",-0.5,-6.65769413485308,-4.58945438047332,-4.02830966751839,-4.26973246317451,-4.53362985082551,-6.03751329938498,-5.80152918320429,-6.86234156285934,-6.54027765844209,-5.4800535778595,0.37448228606111
"152",-0.49,-6.65936962359887,-4.49519415120942,-3.95251187677336,-4.2682251628205,-4.52093398517818,-6.0334362919876,-5.77399810910751,-6.87655428554528,-6.49485387455083,-5.45278637341906,0.380944271873165
"153",-0.48,-6.65120736755117,-4.39936719604298,-3.87546287231116,-4.26731928476292,-4.51267012089138,-6.02826698835214,-5.75189816997487,-6.89499762443383,-6.44567045731277,-5.42520667573702,0.387344900864072
"154",-0.47,-6.6328588225304,-4.30209899084777,-3.79784014944811,-4.26639639134644,-4.50852042879289,-6.02108052880138,-5.73577350891221,-6.91762088233003,-6.39242795754486,-5.39717974006157,0.393674575447831
"155",-0.46,-6.60402950087014,-4.20351024345555,-3.72030653506893,-4.26484558248297,-4.5080885953519,-6.0109361399018,-5.72608152920127,-6.94427930977604,-6.33486512329862,-5.36854917326747,0.399933458762739
"156",-0.45,-6.56448200902199,-4.10371891276049,-3.64350154332673,-4.26207110768345,-4.51090510169343,-5.99689062577942,-5.723183716633,-6.97473496443139,-6.27276352978701,-5.33913905679077,0.406132124236
"157",-0.44,-6.51403863303055,-4.0028424496195,-3.56803321367658,-4.25749956963507,-4.51643361310367,-5.97801214575882,-5.7273376643915,-7.00865898492504,-6.2059516084719,-5.3087564314014,0.412291893783938
"158",-0.43,-6.45258343996047,-3.90100020546077,-3.49447054418418,-4.25058662249658,-4.52407840477913,-5.95339409528542,-5.73869044481106,-7.04563524477363,-6.13430802518441,-5.27719411410396,0.418444753567461
"159",-0.42,-6.38006386788295,-3.79831595295661,-3.42333662006444,-4.24082307982433,-4.53319272713376,-5.92216889430994,-5.75727345084967,-7.08516533100704,-6.05776435963256,-5.2442338092957,0.424632748724348
"160",-0.41,-6.29649178256493,-3.69492045852821,-3.35510253018108,-4.22774036198103,-4.54308799787362,-5.88352148904824,-5.78299880382491,-7.12667477301429,-5.9763070514079,-5.20964947204713,0.430906780510624
"161",-0.4,-6.20194398936808,-3.59095403985777,-3.29018214607823,-4.21091522509817,-4.55304369944512,-5.83670237920396,-5.81565740449618,-7.16952042655771,-5.88997859246356,-5.1732108780632,0.437324762622495
"162",-0.39,-6.09656219882703,-3.48656903908457,-3.22892782396853,-4.18997371734874,-4.56231785711005,-5.78103998910703,-5.85491868803491,-7.21299890447874,-5.79887796040149,-5.13468735315123,0.4439491375638
"163",-0.38,-5.98055244443919,-3.38193214479558,-3.17162707961276,-4.16459432364307,-4.57015796046702,-5.7159522090727,-5.90033212050426,-7.2563559274428,-5.7031602994498,-5.09385161215857,0.450843805860491
"164",-0.37,-5.8541839562485,-3.27722650676614,-3.11850026825788,-4.13451027572075,-4.57581217654269,-5.64095693946944,-5.95133044746659,-7.29879645384336,-5.60303586397976,-5.05048365425501,0.458070578727698
"165",-0.36,-5.71778749902478,-3.17265358975856,-3.06969928660117,-4.09951102264414,-4.57854069645941,-5.55568148749003,-6.00723467899163,-7.33949544069931,-5.49876824529782,-5.0043746607741,0.465685322916782
"166",-0.35,-5.57175319208653,-3.06843471384418,-3.0253072952578,-4.05944287242598,-4.57762705703993,-5.4598706840476,-6.06726077065563,-7.37760907546286,-5.39067191087786,-4.95533084129982,0.473734016313902
"167",-0.34,-5.41652783439179,-2.96481223126561,-2.98533944847894,-4.0142088240507,-4.57238928117997,-5.35339359731955,-6.13052793733862,-7.41228630861599,-5.27910909731577,-4.90317717332855,0.482248965134853
"168",-0.33,-5.25261176312891,-2.86205029462836,-2.94974460367306,-3.96376762132205,-4.56219067792469,-5.23624873196566,-6.19606850856448,-7.44268051467051,-5.16448611470449,-4.8477609811758,0.491245441460299
"169",-0.32,-5.0805552780688,-2.76043518145567,-2.91840796391276,-3.90813207622358,-4.54645014326584,-5.10856762568397,-6.26283920316924,-7.46796110930976,-5.04724912740661,-4.78895530094402,0.500718978681055
"170",-0.31,-4.90095466662662,-2.66027514846986,-2.89115459160499,-3.84736671961583,-4.52465180695146,-4.97061678372399,-6.32973368642659,-7.4873249508766,-4.92787947789287,-4.72666198135431,0.510643513922051
"171",-0.3,-4.71444787336846,-2.56189980053492,-2.86775372306317,-3.78158484342332,-4.49635387365387,-4.8227979181096,-6.39559626142784,-7.5000073649545,-4.80688862088522,-4.66081447549121,0.520970497292032
"172",-0.29,-4.52170986366232,-2.46565896529662,-2.84792380756582,-3.71094500776762,-4.46119652512399,-4.66564647993278,-6.45923652617858,-7.50529263545079,-4.68481273552662,-4.59138028294502,0.53162900713579
"173",-0.28,-4.32344773668684,-2.3719210692798,-2.83133818688622,-3.63564708894572,-4.41890876661837,-4.49982848834691,-6.51944480552627,-7.50252380633967,-4.56220709376986,-4.51836300471107,0.542526831251953
"174",-0.27,-4.12039564123185,-2.28107102399594,-2.81763131962473,-3.55592795350627,-4.36931410866766,-4.32613567828189,-6.57500814439654,-7.49111165094291,-4.43964026699049,-4.44180397640425,0.55355240756874
"175",-0.26,-3.91330954179388,-2.19350764501356,-2.80640544710301,-3.47205685068788,-4.31233498598857,-4.1454790210643,-6.62472664347754,-7.47054268193448,-4.31768825101295,-4.36178345200846,0.56457747190609
"176",-0.25,-3.70296188547099,-2.10964062640058,-2.79723759575119,-3.38433061624916,-4.24799582803245,-3.95888069714772,-6.66742991931874,-7.44038609489852,-4.19692859052876,-4.27842131708868,0.575460238269723
"177",-0.24,-3.49013623042856,-2.02988710106488,-2.78968680521691,-3.29306877719061,-4.17642471685155,-3.76746461295651,-6.70199346416584,-7.40029955457023,-4.07793457645479,-4.19187731543332,0.586048934604489
"178",-0.23,-3.27562189658747,-1.95466783304837,-2.78330146706225,-3.1986086477984,-4.09785358764564,-3.57244557330411,-6.7273546772672,-7.35003374998886,-3.96126958495457,-4.10235077973965,0.596185530050732
"179",-0.22,-3.06020869347293,-1.88440309467028,-2.77762666191847,-3.10130050694219,-4.01261694459404,-3.37511724058978,-6.74252834089749,-7.28943566123532,-3.84748162763569,-4.01007986355069,0.605709513522238
"180",-0.21,-2.84468177460162,-1.81950828423042,-2.77221139323959,-3.0015029352044,-3.92114909031634,-3.17683903099344,-6.74662132300579,-7.2184505055129,-3.73709818130236,-3.91534027982298,0.614461613068981
"181",-0.2,-2.62981666753203,-1.76038934138096,-2.76661562280852,-2.8995783865407,-3.82397989103365,-2.9790221110917,-6.73884630056573,-7.13712235537787,-3.63062135734677,-3.81844355929755,0.622287375405127
"182",-0.19,-2.41637453098218,-1.70743802870953,-2.76041701424207,-2.79588905991148,-3.7217291190633,-2.78311466485557,-6.71853430144354,-7.04559343786942,-3.52852346210054,-3.71973484657529,0.62904055040315
"183",-0.18,-2.20509767988345,-1.66102715601262,-2.75321729263081,-2.69079312723329,-3.61509943173192,-2.59058660907524,-6.68514587532417,-6.94410214144731,-3.43124299401983,-3.61959025637318,0.634586247292678
"184",-0.17,-1.99670541233832,-1.62150582386486,-2.74464813334813,-2.58464137123551,-3.50486806376602,-2.40291394966351,-6.63828072771562,-6.8329797808322,-3.33918111642964,-3.51841381991042,0.638803847355108
"185",-0.16,-1.79189017629014,-1.58919475947347,-2.73437650450963,-2.47777427789047,-3.39187733494648,-2.22156298081592,-6.57768567425292,-6.71264619115898,-3.25269863444258,-3.41663405930895,0.641589671002342
"186",-0.15,-1.59131411051121,-1.5643818163589,-2.72210940220892,-2.37051961794014,-3.27702409402894,-2.04797452370253,-6.50326079153305,-6.58360423724538,-3.17211349234825,-3.31470023176414,0.642859405858669
"187",-0.14,-1.39560598006278,-1.54731770770354,-2.707597928803,-2.26319053397806,-3.16124823426812,-1.88354840112934,-6.41506365839027,-6.44643333552951,-3.097698803257,-3.21307828701352,0.64255030839997
"188",-0.13,-1.20535852120836,-1.53821204324287,-2.69064067455901,-2.15608412832732,-3.04552042510343,-1.72962834045402,-6.31331161007391,-6.30178210398606,-3.02968141616495,-3.1122465847911,0.640623196290583
"189",-0.12,-1.02112621065008,-1.5372297353514,-2.671086372955,-2.04948054596732,-2.93082921720179,-1.58748748520379,-6.19838195703359,-6.15036026739365,-2.96824101715694,-3.01269142321262,0.637064250531175
"190",-0.11,-0.843423467295126,-1.54448783301998,-2.64883581064318,-1.94364254329458,-2.81816769415599,-1.45831468886095,-6.07081015040888,-5.99292995173032,-2.91350975076062,-2.91490243224107,0.631886646332722
"191",-0.0999999999999999,-0.672723285811887,-1.56005284171319,-2.62384298399734,-1.83881552191635,-2.70851985789548,-1.34320175340945,-5.9312859034421,-5.83029651021353,-2.86557234339014,-2.81936788908772,0.625132028964803
"192",-0.0899999999999999,-0.509456296286088,-1.58393858443015,-2.5961155090763,-1.73522799879285,-2.60284694558974,-1.24313176238043,-5.78064730507611,-5.66329902889511,-2.82446670434895,-2.72657001498619,0.616871844277482
"193",-0.0800000000000001,-0.354010243246172,-1.61610464569154,-2.56571429896237,-1.63309246612709,-2.50207387224982,-1.15896864611938,-5.61987299221943,-5.49280066588558,-2.7901849708866,-2.63698031126533,0.607208522295036
"194",-0.0700000000000001,-0.206729870579096,-1.65645542144482,-2.53275252895818,-1.53260658914254,-2.40707599232391,-1.09144809980854,-5.45007247348559,-5.31967897749184,-2.7626749611137,-2.55105499048314,0.59627649219514
"195",-0.0600000000000001,-0.0679171913323811,-1.7048397903876,-2.49739392517099,-1.43395469042571,-2.3186663740388,-1.0411699588263,-5.2724747208751,-5.1448163769234,-2.74184198960295,-2.46923055750925,0.584242973855222
"196",-0.05,0.0621678858868964,-1.76105142388934,-2.45985041958008,-1.33730946156772,-2.23758377624044,-1.00859211336367,-5.08841516737356,-4.9690908603551,-2.72755099935547,-2.39191959287094,0.571308441606084
"197",-0.04,0.183306605412899,-1.82482974749792,-2.42037922671152,-1.24283383504944,-2.16448151052724,-0.994026021753414,-4.89932127389435,-4.79336712709729,-2.71962896247041,-2.31950678884319,0.557706585602924
"198",-0.03,0.295320119361426,-1.89586154938889,-2.3792793988722,-1.15068294573285,-2.09991735615396,-0.997633864049468,-4.70669685527281,-4.6184882165379,-2.71786750074903,-2.25234528526619,0.543703501269032
"199",-0.02,0.398067984406673,-1.97378321449603,-2.33688791563412,-1.06100611895908,-2.04434468510752,-1.01942735477332,-4.51210536844731,-4.44526777148318,-2.72202568243773,-2.19075334743685,0.529595717193073
"200",-0.01,0.491446438851695,-2.05818355601415,-2.29357536916778,-0.973948826293942,-1.99810494436183,-1.05926820793198,-4.3171523744341,-4.2744830253944,-2.73183295200237,-2.13501142408321,0.515706540087895
"201",0,0.575386497210294,-2.14860720918945,-2.24974131047467,-0.889654547602059,-1.96142162336103,-1.11687022945906,-4.12346740067167,-4.10686859302287,-2.74699214193805,-2.08535961761206,0.502380083707699
"202",0.0100000000000002,0.649851900827227,-2.2445585480911,-2.20580932659843,-0.808266477485799,-1.93439581369834,-1.19180299544916,-3.93268544340872,-3.94311112561549,-2.76718251556138,-2.04199559389791,0.489972317351004
"203",0.02,0.714836966924731,-2.34550607962313,-2.16222192071106,-0.729929020442751,-1.91700344494098,-1.28349705249072,-3.74642835481504,-3.78384488037723,-2.79206279298056,-2.00507295327297,0.478838608926899
"204",0.0300000000000002,0.770364381865861,-2.45088725798505,-2.11943526753183,-0.654789028127941,-1.90909426229319,-1.39125056052329,-3.56628636167073,-3.62964823609905,-2.82127412051287,-1.97470007920868,0.469317648148516
"205",0.04,0.816482979283251,-2.56011365169327,-2.07791391565995,-0.58299673725096,-1.91039258781391,-1.51423728443838,-3.39379995966602,-3.4810411634002,-2.85444295648465,-1.95093947523601,0.46171237754711
"206",0.0499999999999998,0.853265536717983,-2.67257638790864,-2.03812550191009,-0.514706376029737,-1.92049987568076,-1.65151581700471,-3.23044241855044,-3.33848364197139,-2.89118384666869,-1.93380759211183,0.456269568217509
"207",0.0600000000000001,0.880806623477198,-2.78765180022634,-2.0005355348648,-0.450076417583816,-1.9388990454888,-1.8020398989604,-3.07760312326754,-3.20237499793325,-2.93110206096774,-1.92327513953505,0.453160688994412
"208",0.0699999999999998,0.899220533968377,-2.90470720619686,-1.9656023000327,-0.389269465380018,-1.96496055658649,-1.96466969496121,-2.93657196185,-3.07305411550116,-2.97379606835422,-1.91926787054381,0.452467290871493
"209",0.0800000000000001,0.908639340221969,-3.02310674098382,-1.93377193911505,-0.332451764497812,-1.99795016096296,-2.13818388742642,-2.80852496029814,-2.9508004681534,-3.01885983706634,-1.92166782425355,0.454173832034163
"210",0.0899999999999999,0.909211087226846,-3.14221716986057,-1.90547375740641,-0.279792343315292,-2.03703824506447,-2.32129244145364,-2.69451135359901,-2.83583590403537,-3.06588495187586,-1.93031500882042,0.458169575257271
"211",0.1,0.901098150347002,-3.26141359770293,-1.88111580819042,-0.231461798925312,-2.08131064710205,-2.5126498766628,-2.59544226374017,-2.72832711088056,-3.11446254667757,-1.94500949994831,0.46425926547161
"212",0.11,0.884475773598864,-3.38008500123274,-1.86108079559211,-0.187630746155037,-2.12978080442737,-2.71086888070559,-2.51208112717597,-2.6283886751928,-3.16418505436931,-1.96551392347245,0.472180465484986
"213",0.12,0.859530804214714,-3.49763951714168,-1.84572232469422,-0.148467958576428,-2.18140307076035,-2.91453409183188,-2.44503598135711,-2.53608663520733,-3.21464777531448,-1.99155628340764,0.481624366371457
"214",0.13,0.826460635572314,-3.61350942105445,-1.83536151406603,-0.114138245855379,-2.23508703490795,-3.12221588310041,-2.39475369996605,-2.45144241740424,-3.26545027421111,-2.02283309499926,0.492256851282049
"215",0.14,0.785472362811811,-3.72715573608542,-1.83028398271212,-0.084800119668416,-2.289712650366,-3.33248398780863,-2.36151624283487,-2.37443704905335,-3.31619762054569,-2.05901278069585,0.503737352001049
"216",0.15,0.736782150264634,-3.83807240999554,-1.83073723050849,-0.0606032980212924,-2.34414596454142,-3.54392081503505,-2.34543895395473,-2.30501554226293,-3.36650148992466,-2.0997392837755,0.515734126897032
"217",0.16,0.680614804470046,-3.94579000072067,-1.83692842872577,-0.0416860995546734,-2.39725522178865,-3.75513431726441,-2.34647091325099,-2.24309134592035,-3.41598114773779,-2.14463585227703,0.527935584360143
"218",0.17,0.617203544325462,-4.0498788257719,-1.84902262281092,-0.0281727840319421,-2.44792711102941,-3.96477027748885,-2.3643973252498,-2.18855075724484,-3.46426433767295,-2.19330894410835,0.540057957144015
"219",0.18,0.546789957502783,-4.14995154783938,-1.86714134021525,-0.0201709028629037,-2.49508293068287,-4.17152388786502,-2.39884390139192,-2.14125719256707,-3.51098810251083,-2.24535220538139,0.551849973105055
"220",0.19,0.469624127502397,-4.24566517909796,-1.89136159059163,-0.0177687258299346,-2.53769443647475,-4.37415049928497,-2.44928316316091,-2.10105523211891,-3.55579956209276,-2.30035047346105,0.563095247915418
"221",0.2,0.385964912327015,-4.33672249503111,-1.92171524862682,-0.0210328067653723,-2.57479913749678,-4.57147544137787,-2.51504256191387,-2.06777435927745,-3.59835666939355,-2.35788375639509,0.57361305469322
"222",0.21,0.296080345707142,-4.42287285081188,-1.95818880548094,-0.0300057460993809,-2.60551481304612,-4.76240283232617,-2.59531428665773,-2.04123232195265,-3.63832895926386,-2.41753114110351,0.583257990816678
"223",0.22,0.200248128012144,-4.50391239656195,-2.00072347302508,-0.0447042024259541,-2.62905303273888,-4.94592331298708,-2.68916661251887,-2.02123805567784,-3.67539830388927,-2.47887458464587,0.59191891945483
"224",0.23,0.0987561767264089,-4.57968369744467,-2.04921562943484,-0.0651172006616694,-2.6447314753297,-5.12112064715072,-2.79555662691165,-2.00759412545665,-3.70925969542315,-2.5415025467874,0.599517439199178
"225",0.24,-0.00809679328924821,-4.65007477799392,-2.10351758750165,-0.0912047859979319,-2.6519848544816,-5.28717714227746,-2.91334415274212,-2.00009865056227,-3.73962207029884,-2.605013423905,0.606006037964648
"226",0.25,-0.12000069092431,-4.7150176216858,-2.16343865813451,-0.122897068980611,-2.65037427570459,-5.44337786652226,-3.04130666651066,-1.99854669109189,-3.76620919456022,-2.66901874823498,0.611366017873133
"227",0.26,-0.236633507025628,-4.77448616311621,-2.22874648089577,-0.160093692332716,-2.63959486959301,-5.58911365594417,-3.1781549969735,-2.00273109652044,-3.78876062527333,-2.73314612085275,0.615605230460866
"228",0.27,-0.35766084184812,-4.82849381108704,-2.29916859984972,-0.202663743033539,-2.61948157670377,-5.72388292182972,-3.32254958193429,-2.01244283411322,-3.80703274936216,-2.79704185108462,0.618755631035079
"229",0.28,-0.482735530759342,-4.87709054856832,-2.37439426677884,-0.25044612514833,-2.59001298547118,-5.84729228059774,-3.47311706073612,-2.02747082873431,-3.82079989846955,-2.86037328058486,0.620870644197513
"230",0.29,-0.611497401645013,-4.92035966700416,-2.45407645726751,-0.303250398348359,-2.55131314888161,-5.95905604076977,-3.62846698282157,-2.04760135408884,-3.82985553096855,-2.92283077575504,0.622022325801534
"231",0.3,-0.743573193042998,-4.95841419500591,-2.53783408265366,-0.360858078653627,-2.50365133713313,-6.05899459618796,-3.78720840972951,-2.07261702881218,-3.83401347016581,-2.98412937682053,0.622298308234296
"232",0.31,-0.8785766568506,-4.99139308209061,-2.62525437853409,-0.423024390119669,-2.44743971030158,-6.14703178460789,-3.94796618701428,-2.10229547927646,-3.83310918856266,-3.04401009526198,0.62179852413092
"233",0.32,-1.01610887030309,-5.019457199538,-2.7158954517251,-0.489480444732015,-2.38322892481805,-6.22319128104191,-4.1093966702164,-2.13640773820237,-3.82700112141932,-3.10224085577736,0.620631717915941
"234",0.33,-1.15575878084004,-5.04278522328776,-2.80928896953766,-0.559935815927145,-2.31170172048962,-6.28759210364627,-4.27020270344311,-2.17471645866976,-3.81557198899167,-3.15861708498145,0.618911774674591
"235",0.34,-1.29710400380224,-5.06156946039496,-2.90494297934093,-0.63408146494078,-2.2336645667769,-6.34044332219873,-4.4291476599557,-2.21697403168596,-3.7987301045468,-3.21296195484922,0.616753920444794
"236",0.35,-1.43971188849843,-5.07601168100614,-3.00234484773611,-0.711592974555356,-2.1500374721251,-6.38203806743116,-4.58506836918019,-2.26292069548081,-3.77641064000921,-3.26512629289139,0.614270875925406
"237",0.36,-1.5831408610468,-5.08631901926426,-3.10096430749104,-0.792134038855793,-2.06184208257684,-6.41274694035563,-4.73688677597129,-2.31228272300549,-3.74857682078081,-3.31498817437199,0.611569074330291
"238",0.37,-1.7269420456935,-5.09269999996594,-3.20025660011414,-0.875360152863689,-1.97018823009518,-6.43301092294803,-4.88362019761154,-2.36477077651631,-3.71522102054335,-3.3624522162613,0.608745079276422
"239",0.38,-1.87066116414335,-5.09536074687273,-3.29966570860651,-0.960922438819829,-1.87625911584416,-6.44333388646908,-5.02439006452923,-2.4200785201617,-3.67636572686086,-3.40744859692305,0.605882356475584
"240",0.39,-2.0138407068904,-5.09450142553782,-3.39862767826612,-1.04847153624365,-1.78129533064842,-6.44427479806659,-5.15842905519201,-2.47788157552366,-3.63206435050338,-3.44993182854134,0.603048561074783
"241",0.4,-2.15602236201744,-5.09031296968981,-3.49657401914394,-1.13766148355005,-1.68657793692328,-6.436439734563,-5.28508655972238,-2.53783689535386,-3.58240184659509,-3.48987931195099,0.60029349540696
"242",0.41,-2.29674968238871,-5.08297413353099,-3.5929351794838,-1.22815352235089,-1.59341085268037,-6.42047381214136,-5.40383242802388,-2.59958262132971,-3.5274951137069,-3.52728970507073,0.597647867140096
"243",0.42,-2.43557097111603,-5.07264889897278,-3.6871440753391,-1.31961976063631,-1.50310278673059,-6.39705313239881,-5.51425898495971,-2.66273847883741,-3.4674931428706,-3.56218113687348,0.595122936732907
"244",0.43,-2.57204236381977,-5.05948426075906,-3.77863966279835,-1.41174663477463,-1.41694897750737,-6.3668768317248,-5.61608132199752,-2.72690674772733,-3.40257689696171,-3.59458929978562,0.592711090175949
"245",0.44,-2.70573107882513,-5.04360840861299,-3.86687054506883,-1.50423810485432,-1.33621299413251,-6.33065931968828,-5.70913589930774,-2.79167383752497,-3.33295890268626,-3.62456545452234,0.590387315175434
"246",0.45,-2.83621879835763,-5.02512932596328,-3.95129860730137,-1.59681852384332,-1.26210886396719,-6.28912278602355,-5.79337752026559,-2.85661248242844,-3.25888253983642,-3.65217438310964,0.588111501532471
"247",0.46,-2.96310513695121,-5.00413382159402,-4.03140266663612,-1.68923513127203,-1.19578378418479,-6.24299004726122,-5.86887476071339,-2.92128455525474,-3.18062102133913,-3.67749232502296,0.585831436942427
"248",0.47,-3.08601115159649,-4.98068699132099,-4.1066821212245,-1.78126012985687,-1.1383016661389,-6.19297779947398,-5.93580394994627,-2.98524448677987,-3.09847606301643,-3.70060492881714,0.583486333205038
"249",0.48,-3.20458284834875,-4.95483209750826,-4.17666057741456,-1.87269230978169,-1.09062775092838,-6.1397903325238,-5.99444181433675,-3.04804326183506,-3.01277624090956,-3.72160524817631,0.581010698540294
"250",0.49,-3.31849463853272,-4.92659085386155,-4.24088943496877,-1.96335818914495,-1.0536145201271,-6.08411375045976,-6.04515691456644,-3.10923294740771,-2.92387503592674,-3.74059180944397,0.578338370249066
"251",0.5,-3.42745269847417,-4.8959641040106,-4.29895141481636,-2.05311264846762,-1.02798910696532,-6.0266107322191,-6.08840003104502,-3.16837169005137,-2.83214857756394,-3.75766677817928,0.575406534683675
"252",0.51,-3.53119818330119,-4.86293287807824,-4.35046400756998,-2.14183904954694,-1.01434239058374,-5.96791586359874,-6.12469366738846,-3.22502910389423,-2.73799310800412,-3.7729342502184,0.57215958357653
"253",0.52,-3.62951024477285,-4.82745979921999,-4.3950828173216,-2.22944884170661,-1.01311992873875,-5.90863156195354,-6.15462084955678,-3.27879196498716,-2.64182219197864,-3.7864986889151,0.568552681509423
"254",0.53,-3.72220880313813,-4.78949080623156,-4.43250477404115,-2.31588066965729,-1.02461485692913,-5.84932460718428,-6.17881340188616,-3.32927011730252,-2.5440637011802,-3.79846352639449,0.564554945204969
"255",0.54,-3.80915702037461,-4.74895715233607,-4.46247118238757,-2.4010990081236,-1.04896285687146,-5.79052328365573,-6.19793988119656,-3.3761024817765,-2.44515660121817,-3.80892994088225,0.56015215699027
"256",0.55,-3.89026342816064,-4.70577764304867,-4.4847705720573,-2.48509235389252,-1.08613926863395,-5.73271512644936,-6.2126933494388,-3.41896305338827,-2.34554757279069,-3.81799581865113,0.555348950351122
"257",0.56,-3.96548367016516,-4.65986107994971,-4.49924131808394,-2.56787100969713,-1.13595838941165,-5.67634526131368,-6.22377916602339,-3.45756676585171,-2.24568751245811,-3.82575490810605,0.550170413889182
"258",0.57,-4.03482181601467,-4.61110887336261,-4.50577400106326,-2.64946450435019,-1.19807496605148,-5.62181531900076,-6.23190298398642,-3.4916751049476,-2.14602796329602,-3.83229617023033,0.544663060664965
"259",0.58,-4.09833120616105,-4.55941778341941,-4.50431347331288,-2.72991870800234,-1.27198785308929,-5.56948289286574,-6.23775912990198,-3.52110135129712,-2.04701752277975,-3.83770332453662,0.538895103848931
"260",0.59,-4.15611479543713,-4.50468274584715,-4.49486059741054,-2.80929270817686,-1.35704577971965,-5.51966150618306,-6.24201953395377,-3.54571533645171,-1.94909827862698,-3.84205458686743,0.532955969465251
"261",0.6,-4.20832497455671,-4.44679973968629,-4.47747362484528,-2.88765550720626,-1.45245513804157,-5.47262105528766,-6.24532336219351,-3.56544760181286,-1.85270232333704,-3.84542259188524,0.526954967972908
"262",0.61,-4.25516285169335,-4.38566865460311,-4.45226918468583,-2.9650826001909,-1.55728967862906,-5.42858869214918,-6.24826748916123,-3.58029285117856,-1.75824839310726,-3.84787448837761,0.521019043109541
"263",0.62,-4.29687697965651,-4.32119612332385,-4.41942285090274,-3.04165250212107,-1.67050196898323,-5.38775010602717,-6.25139793384437,-3.59031259799534,-1.66613867881782,-3.84947219351912,0.515289526008366
"264",0.63,-4.33376152250596,-4.25329828998475,-4.37916925797562,-3.11744329941627,-1.790936443987,-5.35025115548154,-6.25520236503873,-3.59563692489989,-1.57675585497206,-3.85027279047354,0.509917853755733
"265",0.64,-4.3661538622691,-4.18190348204845,-4.33180174340222,-3.19252930006752,-1.91734385860931,-5.31619979670438,-6.26010376596666,-3.59646528765488,-1.49046037018706,-3.85032905187884,0.505060272532584
"266",0.65,-4.39443166114775,-4.10695475481699,-4.27767150001426,-3.26697785102985,-2.04839693087512,-5.28566826047254,-6.26645532749643,-3.59306630537789,-1.40758804308741,-3.8496900704798,0.500871641166492
"267",0.66,-4.41900940015584,-4.02841227943559,-4.21718622423999,-3.34084638001834,-2.18270694769611,-5.25869543547958,-6.27453662044822,-3.58577649531058,-1.32844800007996,-3.8484019758738,0.497498577784519
"268",0.67,-4.44033441622531,-3.94625555006743,-4.15080824844938,-3.41417971325205,-2.31884109434945,-5.23528941562156,-6.2845510806719,-3.57499793431904,-1.25332098705882,-3.84650871555721,0.495072335246976
"269",0.68,-4.45888246246936,-3.86048539232124,-4.07905215165557,-3.48700772623739,-2.4553402589694,-5.2154301679292,-6.29662481869823,-3.5611948460094,-1.18245807756242,-3.84405287798358,0.493701923487073
"270",0.69,-4.47515282578958,-3.77112575667083,-4.00248185092312,-3.55934338135196,-2.59073705784003,-5.19907227236999,-6.3108067457361,-3.54488913006541,-1.11607979260105,-3.84107653481645,0.493468082236612
"271",0.7,-4.48966305176006,-3.67822528028837,-3.92170717760522,-3.63118118942164,-2.72357382928332,-5.18614768843833,-6.32706998912913,-3.52665486994791,-1.05437564537793,-3.8376220801391,0.494418709599191
"272",0.71,-4.50294333703107,-3.58185860241728,-3.83737994680478,-3.70249612236578,-2.85242034737191,-5.17656851227681,-6.34531454616035,-3.50711187499949,-0.997504113830898,-3.83373304480648,0.496566249047571
"273",0.72,-4.51553065456756,-3.48212742843234,-3.75018953961452,-3.77324298950452,-2.97589100686129,-5.17022969178813,-6.36537110889319,-3.48691833483207,-0.945593036039175,-3.82945486561476,0.499887334794414
"274",0.73,-4.52796267331761,-3.37916134123963,-3.66085803014586,-3.84335628560071,-3.09266124008049,-5.16701166839623,-6.38700597884704,-3.46676268081367,-0.898740423715205,-3.82483559135072,0.504324727614893
"275",0.74,-4.54077153260084,-3.27311835586698,-3.57013489476101,-3.91275051347129,-3.20148294880582,-5.16678291560231,-6.40992697441997,-3.44735476256743,-0.85701568426812,-3.81992650915153,0.50979129907783
"276",0.75,-4.55447754103828,-3.1641852125887,-3.47879133797714,-3.98132097301701,-3.30119875417944,-5.16940234897615,-6.43379022060403,-3.42941646013914,-0.820461226896842,-3.81478267504631,0.51617560291353
"277",0.76,-4.56958288073482,-3.05257740908581,-3.387614274442,-4.04894499982195,-3.39075488570582,-5.17472158669718,-6.45820769920751,-3.41367186785558,-0.789094411036831,-3.80946333495417,0.523348447431697
"278",0.77,-4.58656540091053,-2.93853897897049,-3.29740001545652,-4.11548362123239,-3.46921254798503,-5.18258704340047,-6.48275542647505,-3.40083719852771,-0.762909791407933,-3.80403222492957,0.531169861633087
"279",0.78,-4.60587258127776,-2.82234202001737,-3.20894770848315,-4.18078359123017,-3.53575762623321,-5.19284184470237,-6.50698211702105,-3.39161055949055,-0.741881621491766,-3.79855774110527,0.539495913731165
"280",0.79,-4.6279157426154,-2.70428597469095,-3.12305258691665,-4.24467975909026,-3.58970862274309,-5.20532755337506,-6.53041819535447,-3.38666176123157,-0.725966574805154,-3.79311297453585,0.548184962528696
"281",0.8,-4.65306457927349,-2.58469667098819,-3.04049909802242,-4.30699771899132,-3.63052274983285,-5.2198857026335,-6.55258501020905,-3.38662232318632,-0.71510663895427,-3.78777561023238,0.557103061003794
"282",0.81,-4.68164208842492,-2.46392513331721,-2.9620539776908,-4.36755668570704,-3.6578001364737,-5.23635913274777,-6.57300410508511,-3.39207583748756,-0.709232127978716,-3.78262769165698,0.566128360281702
"283",0.82,-4.71391997259717,-2.34234617652644,-2.88845933466046,-4.42617253695771,-3.67128612567117,-5.25459312990301,-6.5912064025605,-3.40354885260105,-0.708264747492587,-3.7777552532189,0.575154464249775
"284",0.83,-4.75011458634158,-2.22035678911437,-2.82042580462946,-4.4826609568821,-3.67087166412488,-5.27443637273851,-6.6067411590187,-3.42150243467794,-0.712120652751027,-3.77324782447539,0.584092753589995
"285",0.84,-4.79038348871266,-2.09837430805218,-2.75862584562059,-4.53684061215522,-3.6565918197687,-5.2957416930198,-6.61918455599009,-3.44632455420573,-0.720713441248274,-3.76919781319703,0.592873738267106
"286",0.85,-4.83482265301092,-1.97683439531648,-2.70368724793101,-4.58853629106986,-3.62862249646914,-5.31836665932119,-6.62814780477448,-3.47832343184459,-0.733957019942794,-3.76569977774228,0.601447516267008
"287",0.86,-4.88346438077204,-1.85618883017385,-2.65618692565161,-4.63758194205277,-3.58727544316887,-5.34217399388285,-6.63328464665327,-3.51772196746705,-0.751768291052051,-3.76284960231937,0.609783421378609
"288",0.87,-4.93627595880948,-1.73690313186164,-2.61664505998484,-4.68382355014741,-3.53299167013221,-5.36703183027383,-6.63429814222499,-3.5646533579547,-0.774069605096082,-3.76074358960946,0.617868941661005
"289",0.88,-4.99315908932049,-1.61945402523954,-2.58551965848245,-4.72712179382649,-3.46633340281252,-5.39281382154475,-6.63094665699439,-3.61915798946587,-0.800790932574931,-3.7594774855846,0.625707989214917
"290",0.89,-5.0539501222062,-1.5043267608932,-2.5632015883424,-4.76735443117421,-3.38797472672537,-5.41939911524234,-6.62304896303147,-3.68118166926821,-0.831871709530183,-3.75914545404595,0.633318604032013
"291",0.9,-5.1184211057363,-1.39201229362891,-2.55001013760683,-4.80441836645203,-3.29869109473071,-5.44667221621616,-6.6104883868276,-3.75057524052646,-0.867262322232641,-3.75983901821752,0.640730180785694
"292",0.91,-5.18628165824706,-1.28300432641359,-2.54618915301158,-4.83823135670079,-3.19934788770106,-5.47452275550551,-6.59321594378375,-3.82709561100247,-0.906925202095622,-3.76164598827349,0.647980317995586
"293",0.92,-5.25718165180724,-1.17779623780246,-2.55190380358765,-4.86873332809645,-3.09088822701211,-5.50284517735717,-6.5712524217531,-3.91040820209648,-0.950835504076354,-3.76464939484322,0.655111403556234
"294",0.93,-5.33071468032807,-1.07687790891957,-2.56723801658355,-4.89588727732737,-2.97432024067264,-5.53153835235043,-6.54468939879092,-4.00009079444994,-0.99898134991163,-3.76892644659268,0.662167066521817
"295",0.94,-5.40642227998606,-0.980732466853891,-2.59219262426158,-4.91967974158167,-2.8507039820236,-5.56050512963641,-6.51368919102562,-4.09563871831302,-1.05136362863029,-3.77454752914579,0.669188639237888
"296",0.95,-5.48379886956471,-0.88983296262002,-2.62668424698848,-4.940120831904,-2.72113819440298,-5.58965184714158,-6.47848374229599,-4.19647131630508,-1.10799535630525,-3.78157526305868,0.676211784106551
"297",0.96,-5.56229736420739,-0.80463900570106,-2.67054492949807,-4.95724383535987,-2.58674711959858,-5.61888781771778,-6.43937247979192,-4.30193959561114,-1.16890060400421,-3.79006363905445,0.683263440297335
"298",0.97,-5.6413354009689,-0.725593377912803,-2.72352254026917,-4.97110439939548,-2.44866754533462,-5.64812480427911,-6.39671917095413,-4.41133495994571,-1.23411300809562,-3.8000572452395,0.690359235987906
"299",0.98,-5.72030210050269,-0.653118645268499,-2.78528193780203,-4.98177932320929,-2.30803627439921,-5.67727649329508,-6.35094783297701,-4.52389889397277,-1.30367388440244,-3.81159059842545,0.697501491198996
"300",0.99,-5.7985652822125,-0.587613788386284,-2.85540689830939,-4.98936499035542,-2.16597817957952,-5.70625797916514,-6.30253775890139,-4.63883345984994,-1.37762997634576,-3.82468759034504,0.704677905205959
"301",1,-5.87547904875001,-0.529450877474987,-2.93340279483882,-4.993975480306,-2.02359499146432,-5.73498527222932,-6.2520177335536,-4.75531244632245,-1.45603087940448,-3.83936105826044,0.711860982490108
"302",1.01,-5.95039165269204,-0.478971823689665,-3.01870001300217,-4.99574040406924,-1.88195495038097,-5.76337484296214,-6.19995952046229,-4.87249300026473,-1.53892619305463,-3.8556124889531,0.719008207082533
"303",1.02,-6.02265355191926,-0.436485235254374,-3.11065807735556,-4.99480251556265,-1.74208343826797,-5.79134321140133,-6.14697071634132,-4.98952756161821,-1.62636245465229,-3.87343186248588,0.72606293229097
"304",1.03,-6.09162555590247,-0.402263406906395,-3.20857045090895,-4.99131515351577,-1.60495468675396,-5.8188065850977,-6.09368707863405,-5.10557591568107,-1.71837991106506,-3.89279763827394,0.732955913978707
"305",1.04,-6.15668696413926,-0.376539478263983,-3.31166996189227,-4.98543957064179,-1.47148463193397,-5.84568055002412,-6.04076443450428,-5.21981717302937,-1.81500918329194,-3.91367688308011,0.739607384764975
"306",1.05,-6.21724359379224,-0.35950479260088,-3.41913480842977,-4.97734221390008,-1.34252496158188,-5.87187982083595,-5.98887028536887,-5.33146148923367,-1.91626788563035,-3.93602553904152,0.745929546638907
"307",1.06,-6.27273559037234,-0.35130648707368,-3.53009508749156,-4.9671920216854,-1.21885838100468,-5.89731806002471,-5.93867522006112,-5.43976133732235,-2.02215726744793,-3.95978882805375,0.751829349739351
"308",1.07,-6.32264491334452,-0.352045346272247,-3.64363979287916,-4.95515779788704,-1.10119510137602,-5.92190777254254,-5.89084424820026,-5.54402215268106,-2.13265894941201,-3.9849017860661,0.757211425278684
"309",1.08,-6.36650239209596,-0.361773950567017,-3.75882422343182,-4.9414057192111,-0.990170530103621,-5.94556027506919,-5.84602816346518,-5.64361218375013,-2.24773182380126,-4.01128991794392,0.761981049776137
"310",1.09,-6.40389426299164,-0.380495153068861,-3.87467773307862,-4.92609702901166,-0.886344125295326,-5.96818573845731,-5.80485504354713,-5.7379713894936,-2.36730918077712,-4.03886996174681,0.76604703288155
"311",1.1,-6.43446810806833,-0.408160917338592,-3.99021175075809,-4.909385962822,-0.790199360875641,-5.98969330203824,-5.76792199826388,-5.82661923713926,-2.49129611809216,-4.06755075059958,0.769324439224954
"312",1.11,-6.45793811267786,-0.444671546057003,-4.10442799692991,-4.89141794330051,-0.702144732156391,-6.00999126569465,-5.73578727150868,-5.90916127259172,-2.61956729304422,-4.09723415932899,0.771737073215621
"313",1.12,-6.47408956172461,-0.48987532281654,-4.21632682190642,-4.87232808418522,-0.622515712002274,-6.02898736930093,-5.70896279346965,-5.98529435692621,-2.75196507246925,-4.12781612164457,0.773219674608033
"314",1.13,-6.4827825082319,-0.543568586448033,-4.32491559337891,-4.8522400334569,-0.551577548196076,-6.04658915779909,-5.68790727456077,-6.05481048761895,-2.88829812767559,-4.15918770192958,0.773719789794439
"315",1.14,-6.48395456233172,-0.605496254944415,-4.42921705872093,-4.8312651787767,-0.489528786025352,-6.06270442682735,-5.67301992738436,-6.11759914251664,-3.02834051156405,-4.19123620545461,0.773199297932302
"316",1.15,-6.47762275850361,-0.675352814060721,-4.5282776075284,-4.80950222932569,-0.436505395047792,-6.07724174816885,-5.66463489473001,-6.17364810202486,-3.17183125110884,-4.22384631116653,0.771635582129595
"317",1.16,-6.46388447107018,-0.752783784382453,-4.62117536335582,-4.78703717084261,-0.392585372200486,-6.09011107359985,-5.66301644785991,-6.2230427322006,-3.31847447593179,-4.25690121016041,0.769022344927917
"318",1.17,-6.44291735341421,-0.837387670185205,-4.70702803182049,-4.76394358080138,-0.357793696109647,-6.10122441452534,-5.66835500966176,-6.26596374197339,-3.46794009365362,-4.29028373246056,0.765370074168864
"319",1.18,-6.41497829161816,-0.928718387065942,-4.78500043195961,-4.74028328199081,-0.332107506073586,-6.11049659364946,-5.68076404006406,-6.30268345104485,-3.6198650212798,-4.32387744497181,0.760706170200089
"320",1.19,-6.38040138251371,-1.02628815591268,-4.85431164137813,-4.716107311326,-0.31546137689722,-6.11784605935173,-5.70027781112338,-6.33356062826007,-3.77385497180842,-4.3575677042857,0.755074749591808
"321",1.2,-6.33959495519444,-1.12957084823208,-4.91424169617624,-4.69145717388579,-0.307752569503825,-6.12319575038258,-5.72685009631804,-6.35903397836067,-3.92948678631178,-4.39124265048505,0.74853614206121
"322",1.21,-6.29303766670852,-1.23800576596637,-4.96413779037175,-4.66636633770264,-0.308846145104693,-6.12647400312311,-5.76035378953102,-6.37961437661027,-4.08631128654427,-4.42479412907363,0.741166098362956
"323",1.22,-6.24127371260992,-1.35100182579436,-5.00341992041145,-4.64086191742501,-0.318579838102944,-6.12761550059639,-5.80058145857756,-6.39587597156491,-4.24385661113589,-4.45811852846872,0.733054728082525
"324",1.23,-6.18490720555035,-1.46794210929753,-5.03158592917555,-4.61496648914041,-0.336768594454952,-6.12656225786882,-5.84724682186565,-6.40844629743342,-4.40163199368181,-4.49111752205205,0.724305186220638
"325",1.24,-6.1245957832142,-1.58818873871808,-5.04821590770588,-4.588699978592,-0.36320869946816,-6.12326462820513,-5.89998712396892,-6.41799555432871,-4.55913193421664,-4.52369870537975,0.715032126189533
"326",1.25,-6.06104352058953,-1.71108803263895,-5.0529759203606,-4.56208156772053,-0.397681432770748,-6.11768231620314,-5.95836638405906,-6.42522522795226,-4.71584071144451,-4.55577612374881,0.705359937126212
"327",1.26,-5.99499323551072,-1.83597589200615,-5.04562102163781,-4.53513155837532,-0.439956199499814,-6.10978539124181,-6.02187948150279,-6.43085623345517,-4.87123717538202,-4.58727068762351,0.69542078439255
"328",1.27,-5.92721827875968,-1.96218336245126,-5.02599753401236,-4.50787312756201,-0.489793102874364,-6.0995552896139,-6.08995703246773,-6.43561676941132,-5.024799750973,-4.61811047201396,0.685352472623094
"329",1.28,-5.85851390689837,-2.08904230973747,-4.99404456905798,-4.48033391049015,-0.546944938387228,-6.08698579035552,-6.16197100313094,-6.44023007398063,-5.17601157773379,-4.64823089775245,0.675296153619509
"330",1.29,-5.7896883443035,-2.21589114182133,-4.94979478735091,-4.45254735489479,-0.611158612798282,-6.07208394978015,-6.23724099201439,-6.44540227887882,-5.32436570701362,-4.67757479653953,0.665393905061287
"331",1.3,-5.72155364870381,-2.34208051089698,-4.89337439448157,-4.42455379665031,-0.68217600619762,-6.05487097587493,-6.31504111158336,-6.45181055209363,-5.46937027796876,-4.70609236382789,0.655786212021439
"332",1.31,-5.65491649466883,-2.46697892304868,-4.82500237152725,-4.39640121226943,-0.759734302744025,-6.03538302682435,-6.3946073939946,-6.46009171243168,-5.61055359683346,-4.73374100381581,0.646609392465944
"333",1.32,-5.59056898746043,-2.58997818289423,-4.74498894183957,-4.36814561225643,-0.843565828615606,-6.01367191854109,-6.47514563963797,-6.47083149536741,-5.74746904136688,-4.76048507199773,0.637993018308495
"334",1.33,-5.52927961999665,-2.71049860525266,-4.65373328304502,-4.33985104938345,-0.933397452648605,-5.9898057243517,-6.55583963158629,-6.48455464365369,-5.87969971300723,-4.78629552476948,0.630057394748026
"335",1.34,-5.47178448038741,-2.82799392416594,-4.55172051064564,-4.31158922225047,-1.02894961736577,-5.96386924968637,-6.6358596348442,-6.50171598195635,-6.00686276980581,-4.81114948790088,0.622911171548988
"336",1.35,-5.41877881880582,-2.94195583490894,-4.43951796235527,-4.28343866032412,-1.12993507075128,-5.93596436695829,-6.71437108664289,-6.52269261504815,-6.12861337670028,-4.83502975472167,0.616649168058757
"337",1.36,-5.37090908286867,-3.05191810566389,-4.31777081260729,-4.25548349231312,-1.23605737624707,-5.90621019813273,-6.79054337732549,-6.54777737115484,-6.24464821087146,-4.85792422524273,0.611350496406432
"338",1.37,-5.32876552267193,-3.15746020165153,-4.18719705090092,-4.22781181613754,-1.34700929011765,-5.8747431319529,-6.86355862896997,-6.57717359388717,-6.35470846420534,-4.87982530005499,0.60707706221233
"339",1.38,-5.29287545856117,-3.25821037294017,-4.04858186427479,-4.20051369753427,-1.46247109732295,-5.84171666057941,-6.93262038620589,-6.61099136176221,-6.45858229225097,-4.90072924349243,0.603872508966908
"340",1.39,-5.2636972926885,-3.3538481569161,-3.90277147244336,-4.17367883390814,-1.58210898899505,-5.80730102190753,-6.99696213352503,-6.64924519204613,-6.55610666878251,-4.9206355290236,0.60176165137275
"341",1.4,-5.24161533875043,-3.4441062527815,-3.7506664611929,-4.14739392548299,-1.70557356395863,-5.77168263839047,-7.05585555193955,-6.69185326087103,-6.64716861900121,-4.93954617915208,0.600750414493466
"342",1.41,-5.22693553604242,-3.52877173392479,-3.59321466676865,-4.1217398093943,-1.8324985371727,-5.73506334481054,-7.10861842960335,-6.73863815169835,-6.73170581386677,-4.95746511369799,0.600826263290831
"343",1.42,-5.21988209801893,-3.60768657718407,-3.43140367015547,-4.0967884173342,-1.96249973589707,-5.69765940042229,-7.15462214632805,-6.78932912702916,-6.80970651554491,-4.97439752087935,0.601959076164406
"344",1.43,-5.22059513333551,-3.68074750090867,-3.26625296072545,-4.07259961903549,-2.09517445443239,-5.65970028364059,-7.19329865119709,-6.84356588712453,-6.8812088739254,-4.99034926270279,0.604102390795961
"345",1.44,-5.2291292653849,-3.74790511207946,-3.09880583247019,-4.04921802717557,-2.23010122077027,-5.62142727086825,-7.22414685569722,-6.90090375231286,-6.94629958129654,-5.00532632422836,0.607194934778854
"346",1.45,-5.24545326668078,-3.80916237257994,-2.93012107695947,-4.02666985090305,-2.36684002088887,-5.58309180295762,-7.24673837730099,-6.96082018521334,-7.00511190814447,-5.01933431795873,0.61116234862081
"347",1.46,-5.26945071126091,-3.86457240436343,-2.76126454090454,-4.00495989030253,-2.50493301907133,-5.54495364347855,-7.2607225759659,-7.02272255445482,-7.05782315391569,-5.03237805485752,0.615919013930918
"348",1.47,-5.3009216339209,-3.91423566069306,-2.59330062069046,-3.98406875442861,-2.64390579881551,-5.50727883778176,-7.26583083171143,-7.08595702310915,-7.10465154588228,-5.04446118967035,0.621369912927397
"349",1.48,-5.33958517165917,-3.95829649935792,-2.42728376432747,-3.96395038056035,-2.783269135697,-5.47033748720072,-7.2618800155475,-7.14981842175994,-7.14585263182425,-5.05558594532604,0.627412463846033
"350",1.49,-5.38508315407719,-3.99693920836385,-2.26425004716913,-3.94452993238188,-2.92252129963232,-5.43440135627176,-7.24877510909321,-7.2135609521639,-7.18171522520873,-5.06575292048466,0.633938296915215
"351",1.5,-5.43698460090778,-4.03038354767197,-2.10520889061626,-3.92570215132181,-3.06115086853965,-5.39974133396185,-7.22651093947069,-7.27640955699093,-7.21255697095215,-5.07496098449257,0.640834954170317
"352",1.51,-5.4947910641673,-4.05887987348974,-1.95113500010794,-3.90733023142101,-3.19864002377959,-5.36662476895637,-7.19517300394028,-7.33757178143882,-7.23871960509281,-5.0832072613771,0.64798751028878
"353",1.52,-5.55794274029193,-4.08270391688906,-1.80296059546345,-3.88924527938096,-3.33446828416699,-5.335312704019,-7.15493736290157,-7.396249946465,-7.26056398022962,-5.09048720108973,0.655280121034116
"354",1.53,-5.62582527544882,-4.10215129644919,-1.66156800084054,-3.87124641014236,-3.46811662614872,-5.30605703966039,-7.10606959312748,-7.45165345488971,-7.27846493308668,-5.09679473664376,0.662597511565819
"355",1.54,-5.69777718181424,-4.1175318500908,-1.52778266052674,-3.85310151820044,-3.59907192913678,-5.27909765607408,-7.04892281062461,-7.50301105010205,-7.29280607363413,-5.10212252557821,0.669826417943136
"356",1.55,-5.77309777360822,-4.12916388186719,-1.40236664212617,-3.83454874573203,-3.7268316760942,-5.25465953127762,-6.98393478136311,-7.54958284002207,-7.30397457123072,-5.10646227148015,0.676856992284398
"357",1.56,-5.85105551694382,-4.13736842061374,-1.2860126833179,-3.81529864970221,-3.85090882603748,-5.23294989485056,-6.91162414231526,-7.5906719003055,-7.31235601816719,-5.10980511691707,0.683584177841892
"358",1.57,-5.93089668384198,-4.14246358255562,-1.17933883883021,-3.79503706190856,-3.97083676359957,-5.21415545239583,-6.83258575740089,-7.62563528180309,-7.31832945373523,-5.11214209734122,0.689909054555934
"359",1.58,-6.0118542008689,-4.14475912527427,-1.08288378483551,-3.77342862841491,-4.0861742348684,-5.19843972032209,-6.74748523842694,-7.65389426234183,-7.322262623721,-5.11346464656376,0.69574014920461
"360",1.59,-6.09315657811641,-4.14455128285068,-0.997102835928078,-3.75012099641782,-4.19651017910649,-5.1859405120813,-6.6570526776747,-7.67494369448553,-7.32450754540884,-5.11376514467443,0.700994699106494
"361",1.6,-6.17403680983551,-4.14211797232423,-0.922364719670496,-3.72474960000732,-4.30146836758267,-5.17676761554754,-6.56207565609823,-7.68836031091605,-7.32539644354128,-5.11303749950259,0.705599854609485
"362",1.61,-6.25374114323336,-4.13771445464034,-0.858949140292182,-3.69694298110664,-4.40071176504615,-5.17100069917034,-6.46339159768784,-7.69380986489338,-7.32523811525298,-5.11127775125813,0.709493803008106
"363",1.62,-6.33153760748783,-4.13156952678288,-0.807045156782357,-3.66632856546302,-4.49394652698613,-5.16868748934402,-6.36187953627251,-7.69105300557322,-7.3243147706741,-5.1084846872629,0.712626794206368
"364",1.63,-6.40672419229027,-4.12388231296902,-0.76675039968172,-3.63253880092008,-4.58092554819105,-5.16984226019535,-6.25845136924854,-7.6799498067201,-7.32287939071185,-5.10466045343644,0.714962046761431
"365",1.64,-6.47863657393182,-4.11481971322657,-0.738071147486528,-3.59521755465863,-4.66145148633619,-5.1744446684958,-6.15404268686332,-7.66046288422267,-7.32115363820488,-5.09981115038071,0.716476512184568
"366",1.65,-6.54665529683874,-4.10451455796431,-0.720923270952935,-3.5540266625372,-4.73537919374303,-5.18243896010414,-6.04960327525499,-7.63265906330046,-7.31932634935787,-5.0939474033393,0.717161475866378
"367",1.66,-6.61021232766434,-4.09306450788008,-0.715134042583079,-3.5086525120833,-4.80261750716328,-5.19373356900659,-5.94608739206279,-7.59670957841161,-7.31755262352391,-5.08708489559766,0.717022973573133
"368",1.67,-6.66879690867374,-4.08053172797466,-0.720444799325925,-3.45881253093016,-4.863130356915,-5.20820113105809,-5.8444439101816,-7.55288880386314,-7.31595351356566,-5.07924485360977,0.716082002638352
"369",1.68,-6.72196063837147,-4.06694334656344,-0.736514437511644,-3.40426145116336,-4.91693716554045,-5.22567893843916,-5.74560643774637,-7.50157153451103,-7.31461630133708,-5.07045447235378,0.714374507531322
"370",1.69,-6.76932172032173,-4.05229269547013,-0.762923711367724,-3.34479721924758,-4.96411251693763,-5.24596985451887,-5.65048353211101,-7.44322885521684,-7.31359533574253,-5.06074727121489,0.711951120458336
"371",1.7,-6.81056833938644,-4.03654131587353,-0.799180300203071,-3.28026642696819,-5.00478508964016,-5.2688436953111,-5.5599491201346,-7.37842266326599,-7.31291341049264,-5.05016337347508,0.708876639087637
"372",1.71,-6.84546112743765,-4.01962169673505,-0.844724599778335,-3.21056914572207,-5.0391358672375,-5.29403907153387,-5.47483322662209,-7.30779893731247,-7.31256364768537,-5.03874970222938,0.705229225086634
"373",1.72,-6.87383469350753,-4.00144070289482,-0.898936183559146,-3.13566305256258,-5.06739565142077,-5.32126568281533,-5.39591311164301,-7.23207985878551,-7.31251184408272,-5.02656008680794,0.701099309362744
"374",1.73,-6.89559821173869,-3.9818836423872,-0.961140874878059,-3.0555667458477,-5.08984191359227,-5.35020705395151,-5.32390491640474,-7.15205489821572,-7.3126992286969,-5.01365527619031,0.696588192984656
"375",1.74,-6.91073507553089,-3.96081891119508,-1.03061835824464,-2.97036215891899,-5.10679503155714,-5.38052369873549,-5.25945592103865,-7.06857098804718,-7.31304557031881,-5.00010285706521,0.691806338656864
"376",1.75,-6.9193016314711,-3.93810314072794,-1.10661024865753,-2.880195991761,-5.11861396837095,-5.41185668755137,-5.2031375193311,-6.98252191761984,-7.31345257168809,-4.9859770752421,0.686871356135943
"377",1.76,-6.92142501284379,-3.91358675526731,-1.18832852896177,-2.78528009592487,-5.12569146472548,-5.44383158277183,-5.15543900220297,-6.89483710719386,-7.31380748007569,-4.97135855888529,0.681905696730707
"378",1.77,-6.91730010915576,-3.88711983664518,-1.27496426257692,-2.68589076472727,-5.12844882392354,-5.47606269854648,-5.11676222831027,-6.80646992850273,-7.31398683721402,-4.95633394328913,0.6770340868295
"379",1.78,-6.90718572139349,-3.85855819315055,-1.36569648672982,-2.58236690140369,-5.12733037245726,-5.50815763692082,-5.08741725316104,-6.71838573906928,-7.31386029296266,-4.94099539969429,0.672380748431762
"380",1.79,-6.89139996563009,-3.82776952327292,-1.45970118711317,-2.47510706130003,-5.12279768669331,-5.53972205021143,-5.06761897958303,-6.6315497925585,-7.31329440857848,-4.92544007277122,0.668066475696246
"381",1.8,-6.87031499404567,-3.79463956024621,-1.55616025090936,-2.36456538634423,-5.1153236787207,-5.57036457449137,-5.05748488260066,-6.54691518654065,-7.31215637471906,-4.90976943206866,0.664205658562503
"382",1.81,-6.84435110735558,-3.75907808263659,-1.65427029742381,-2.25124646738822,-5.10538663431379,-5.59970187721942,-5.05703384976821,-6.46541101489967,-7.31031756942552,-4.89408854449231,0.660903365023024
"383",1.82,-6.81397034230393,-3.72102467390092,-1.75325128177664,-2.13569919485247,-5.09346429855715,-5.62736375498528,-5.06618616448969,-6.38793088904353,-7.30765688719912,-4.87850527634541,0.658252609445832
"384",1.83,-6.77966962434996,-3.68045411418637,-1.85235475634945,-2.01850967837023,-5.08002810425182,-5.65299821164088,-5.0847646439171,-6.31532198046852,-7.30406377746615,-4.86312943233339,0.656331941693538
"385",1.84,-6.74197358060561,-3.63738128935811,-1.95087168035983,-1.90029332852649,-5.0655376341672,-5.67627644370199,-5.1124969258126,-6.24837472489557,-7.29944093610845,-4.84807183817065,0.655203486290941
"386",1.85,-6.70142711141956,-3.59186551208032,-2.04813967536653,-1.78168621467523,-5.05043539930567,-5.69689765490348,-5.14901888857394,-6.187813322066,-7.29370659912249,-4.83344337527925,0.654911541061866
"387",1.86,-6.65858781668249,-3.54401416005881,-2.14354963296603,-1.66333583026487,-5.03514200835088,-5.71459362589209,-5.19387917789931,-6.13428715921592,-7.28679639520909,-4.81935397850439,0.655481811619246
"388",1.87,-6.61401838194861,-3.49398554414231,-2.23655159841481,-1.54589141264681,-5.02005180057656,-5.72913297192229,-5.24654479647882,-6.08836326822429,-7.27866472751033,-4.80591161131831,0.656921314864973
"389",1.88,-6.5682790353147,-3.44199092267897,-2.32665985438762,-1.429993976492,-5.00552900535895,-5.74032502768342,-5.30640769635526,-6.05051990284521,-7.26928566172277,-4.79322123142655,0.659218937046048
"390",1.89,-6.5219201748226,-3.38829559334927,-2.41345712366536,-1.31626622961865,-4.9919044751992,-5.74802329064543,-5.37279229878824,-6.02114130775848,-7.25865330592152,-4.78138375552986,0.662346584958709
"391",1.9,-6.4754752603533,-3.33321901269928,-2.49659782470601,-1.20530254816268,-4.97947302435753,-5.75212835224339,-5.44496385588068,-6.00051373761357,-7.24678167580778,-4.77049503242491,0.666260828767856
"392",1.91,-6.42945406108754,-3.27713390930858,-2.57581033215515,-1.09765919198219,-4.96849139313187,-5.75259026384374,-5.52213755663577,-5.98882276903673,-7.23370404785054,-4.76064483611468,0.670904908438883
"393",1.92,-6.38433634343932,-3.2204643727581,-2.6508982101126,-0.993844940134896,-4.95917685255528,-5.74941029044517,-5.60348827000008,-5.98615192969741,-7.219471817306,-4.75191589182765,0.676210965210005
"394",1.93,-6.3405660807858,-3.16368291558634,-2.72174039305059,-0.894312319338665,-4.95170645417784,-5.7426420061208,-5.68816080532785,-5.99248264892961,-7.2041528851554,-4.74438294538588,0.682102364539487
"395",1.94,-6.29854625884438,-3.10730651969769,-2.78829030059881,-0.799449599234124,-4.94621690979969,-5.73239169311971,-5.77528055693511,-6.00769551543916,-7.18782961209755,-4.73811188508514,0.688495993858325
"396",1.95,-6.25863433761705,-3.05189169970942,-2.85057389070574,-0.709573717406355,-4.94280507825968,-5.71881802013884,-5.86396439126505,-6.0315728102529,-7.17059639099797,-4.73315892626144,0.695304444045317
"397",1.96,-6.22113842468673,-2.99802863427189,-2.90868667011581,-0.624924274649855,-4.94152902611265,-5.70213098836762,-5.9533316358891,-6.06380226702008,-7.15255689521716,-4.72956986848121,0.702438014085249
"398",1.97,-6.18631420645887,-2.94633443016571,-2.96278969718706,-0.545658728421432,-4.94240961701053,-5.6825901403576,-6.04251503339646,-6.10398199255898,-7.13382106861256,-4.72737943490769,0.709806507649134
"399",1.98,-6.15436267509776,-2.89744560190808,-3.01310462918418,-0.471848901048524,-4.94543258151826,-5.66050203321973,-6.13067151488185,-6.15162646135753,-7.11450192395416,-4.72661070246334,0.717320814893752
"400",1.99,-6.12542867206818,-2.85200986348955,-3.05990787822588,-0.403478896645505,-4.95055101238027,-5.63621698712653,-6.21699264722874,-6.2061734898667,-7.09471221372182,-4.72727462897257,0.7248942927867
"401",2,-6.09960025618755,-2.81067734221381,-3.10352395375025,-0.340444495202942,-4.95768822104389,-5.61012513613485,-6.30071460955358,-6.2669920884151,-7.07456104208206,-4.72936968273156,0.732443971456778
